Filename,Publication,Issue,Publication Date,Date Added to Catalog,What's on the Cover,Folder Path
Wrestling As You Like It - 1950 - November.pdf,Wrestling As You Like It,November 1950,1950-11-01,2026-04-26,,1950s/1950/Wrestling As You Like It
Wrestling As You Like It - 1954 - July.pdf,Wrestling As You Like It,July 1954,1954-07-01,2026-04-26,,1950s/1954/Wrestling As You Like It
Wrestling World - 1954 - July.pdf,Wrestling World,July 1954,1954-07-01,2026-04-26,,1950s/1954/Wrestling World
Wrestling Life - 1957 - May.pdf,Wrestling Life,May 1957,1957-05-01,2026-04-26,,1950s/1957/Wrestling Life
Wrestling Revue - 1959 - Fall.pdf,Wrestling Revue,Fall 1959,1959 (Fall),2026-04-26,,1950s/1959/Wrestling Revue
Wrestling Life - 1960 - April.pdf,Wrestling Life,April 1960,1960-04-01,2026-04-26,,1960s/1960/Wrestling Life
Wrestling Revue - 1961 - December.pdf,Wrestling Revue,December 1961,1961-12-01,2026-04-26,,1960s/1961/Wrestling Revue
Wrestling Revue - 1961 - Fall.pdf,Wrestling Revue,Fall 1961,1961 (Fall),2026-04-26,,1960s/1961/Wrestling Revue
Wrestling Revue - 1961 - Spring.pdf,Wrestling Revue,Spring 1961,1961 (Spring),2026-04-26,,1960s/1961/Wrestling Revue
Wrestling Revue - 1961 - Summer.pdf,Wrestling Revue,Summer 1961,1961 (Summer),2026-04-26,,1960s/1961/Wrestling Revue
Wrestling Revue - 1961 - Winter.pdf,Wrestling Revue,Winter 1961,1961 (Winter),2026-04-26,,1960s/1961/Wrestling Revue
Wrestling Revue - 1962 - April.pdf,Wrestling Revue,April 1962,1962-04-01,2026-04-26,,1960s/1962/Wrestling Revue
Wrestling Revue - 1962 - August.pdf,Wrestling Revue,August 1962,1962-08-01,2026-04-26,,1960s/1962/Wrestling Revue
Wrestling Revue - 1962 - December.pdf,Wrestling Revue,December 1962,1962-12-01,2026-04-26,,1960s/1962/Wrestling Revue
Wrestling Revue - 1962 - February.pdf,Wrestling Revue,February 1962,1962-02-01,2026-04-26,,1960s/1962/Wrestling Revue
Wrestling Revue - 1962 - June.pdf,Wrestling Revue,June 1962,1962-06-01,2026-04-26,,1960s/1962/Wrestling Revue
Wrestling Revue - 1962 - October.pdf,Wrestling Revue,October 1962,1962-10-01,2026-04-26,,1960s/1962/Wrestling Revue
Wrestling World - 1962 - November.pdf,Wrestling World,November 1962,1962-11-01,2026-04-26,,1960s/1962/Wrestling World
Wrestling World - 1962 - September.pdf,Wrestling World,September 1962,1962-09-01,2026-04-26,,1960s/1962/Wrestling World
Big Time Wrestling - 1963 - November.pdf,Big Time Wrestling,November 1963,1963-11-01,2026-04-26,,1960s/1963/Big Time Wrestling
Wrestling Revue - 1963 - April (1).pdf,Wrestling Revue,April 1963,1963-04-01,2026-04-26,,1960s/1963/Wrestling Revue
Wrestling Revue - 1963 - April (3).pdf,Wrestling Revue,April 1963,1963-04-01,2026-04-26,,1960s/1963/Wrestling Revue
Wrestling Revue - 1963 - April.pdf,Wrestling Revue,April 1963,1963-04-01,2026-04-26,,1960s/1963/Wrestling Revue
Wrestling Revue - 1963 - December.pdf,Wrestling Revue,December 1963,1963-12-01,2026-04-26,,1960s/1963/Wrestling Revue
Wrestling Revue - 1963 - February.pdf,Wrestling Revue,February 1963,1963-02-01,2026-04-26,,1960s/1963/Wrestling Revue
Wrestling Revue - 1963 - October.pdf,Wrestling Revue,October 1963,1963-10-01,2026-04-26,,1960s/1963/Wrestling Revue
Wrestling World - 1963 - August.pdf,Wrestling World,August 1963,1963-08-01,2026-04-26,,1960s/1963/Wrestling World
Wrestling World - 1963 - December.pdf,Wrestling World,December 1963,1963-12-01,2026-04-26,,1960s/1963/Wrestling World
Wrestling World - 1963 - January.pdf,Wrestling World,January 1963,1963-01-01,2026-04-26,,1960s/1963/Wrestling World
Wrestling World - 1963 - March.pdf,Wrestling World,March 1963,1963-03-01,2026-04-26,,1960s/1963/Wrestling World
Wrestling World - 1963 - May.pdf,Wrestling World,May 1963,1963-05-01,2026-04-26,,1960s/1963/Wrestling World
Official Wrestling - 1964 - August.pdf,Official Wrestling,August 1964,1964-08-01,2026-04-26,,1960s/1964/Official Wrestling
Official Wrestling - 1964 - February.pdf,Official Wrestling,February 1964,1964-02-01,2026-04-26,,1960s/1964/Official Wrestling
Official Wrestling - 1964 - June.pdf,Official Wrestling,June 1964,1964-06-01,2026-04-26,,1960s/1964/Official Wrestling
Official Wrestling - 1964 - May.pdf,Official Wrestling,May 1964,1964-05-01,2026-04-26,,1960s/1964/Official Wrestling
The Ring Wrestling - 1964 - August.pdf,The Ring Wrestling,August 1964,1964-08-01,2026-04-26,,1960s/1964/The Ring Wrestling
The Ring's Wrestling - 1964 - August.pdf,The Ring's Wrestling,August 1964,1964-08-01,2026-04-26,,1960s/1964/The Ring's Wrestling
The Ring's Wrestling - 1964 - June.pdf,The Ring's Wrestling,June 1964,1964-06-01,2026-04-26,,1960s/1964/The Ring's Wrestling
The Ring's Wrestling - 1964 - October.pdf,The Ring's Wrestling,October 1964,1964-10-01,2026-04-26,,1960s/1964/The Ring's Wrestling
Wrestling Confidential - 1964 - July.pdf,Wrestling Confidential,July 1964,1964-07-01,2026-04-26,,1960s/1964/Wrestling Confidential
Wrestling Confidential - 1964 - May.pdf,Wrestling Confidential,May 1964,1964-05-01,2026-04-26,,1960s/1964/Wrestling Confidential
Wrestling Confidential - 1964 - November.pdf,Wrestling Confidential,November 1964,1964-11-01,2026-04-26,,1960s/1964/Wrestling Confidential
Wrestling Confidential - 1964 - September.pdf,Wrestling Confidential,September 1964,1964-09-01,2026-04-26,,1960s/1964/Wrestling Confidential
Wrestling Revue - 1964 - February.pdf,Wrestling Revue,February 1964,1964-02-01,2026-04-26,,1960s/1964/Wrestling Revue
Wrestling Revue - 1964 - June.pdf,Wrestling Revue,June 1964,1964-06-01,2026-04-26,,1960s/1964/Wrestling Revue
Wrestling Revue - 1964 - October.pdf,Wrestling Revue,October 1964,1964-10-01,2026-04-26,,1960s/1964/Wrestling Revue
Wrestling World - 1964 - April.pdf,Wrestling World,April 1964,1964-04-01,2026-04-26,,1960s/1964/Wrestling World
Wrestling World - 1964 - August.pdf,Wrestling World,August 1964,1964-08-01,2026-04-26,,1960s/1964/Wrestling World
Wrestling World - 1964 - December.pdf,Wrestling World,December 1964,1964-12-01,2026-04-26,,1960s/1964/Wrestling World
Wrestling World - 1964 - February.pdf,Wrestling World,February 1964,1964-02-01,2026-04-26,,1960s/1964/Wrestling World
Wrestling World - 1964 - June.pdf,Wrestling World,June 1964,1964-06-01,2026-04-26,,1960s/1964/Wrestling World
The Ring's Wrestling - 1965 - August.pdf,The Ring's Wrestling,August 1965,1965-08-01,2026-04-26,,1960s/1965/The Ring's Wrestling
The Ring's Wrestling - 1965 - June.pdf,The Ring's Wrestling,June 1965,1965-06-01,2026-04-26,,1960s/1965/The Ring's Wrestling
The Ring's Wrestling - 1965 - October.pdf,The Ring's Wrestling,October 1965,1965-10-01,2026-04-26,,1960s/1965/The Ring's Wrestling
Wrestling Confidential - 1965 - December.pdf,Wrestling Confidential,December 1965,1965-12-01,2026-04-26,,1960s/1965/Wrestling Confidential
Wrestling Confidential - 1965 - January.pdf,Wrestling Confidential,January 1965,1965-01-01,2026-04-26,,1960s/1965/Wrestling Confidential
Wrestling Illustrated - 1965 - February.pdf,Wrestling Illustrated,February 1965,1965-02-01,2026-04-26,,1960s/1965/Wrestling Illustrated
Wrestling Illustrated - 1965 - January.pdf,Wrestling Illustrated,January 1965,1965-01-01,2026-04-26,,1960s/1965/Wrestling Illustrated
Wrestling Illustrated - 1965 - June.pdf,Wrestling Illustrated,June 1965,1965-06-01,2026-04-26,,1960s/1965/Wrestling Illustrated
Wrestling Illustrated - 1965 - November.pdf,Wrestling Illustrated,November 1965,1965-11-01,2026-04-26,,1960s/1965/Wrestling Illustrated
Wrestling Illustrated - 1965 - September.pdf,Wrestling Illustrated,September 1965,1965-09-01,2026-04-26,,1960s/1965/Wrestling Illustrated
Wrestling Revue - 1965 - August.pdf,Wrestling Revue,August 1965,1965-08-01,2026-04-26,,1960s/1965/Wrestling Revue
Wrestling World - 1965 - December.pdf,Wrestling World,December 1965,1965-12-01,2026-04-26,,1960s/1965/Wrestling World
Wrestling World - 1965 - October.pdf,Wrestling World,October 1965,1965-10-01,2026-04-26,,1960s/1965/Wrestling World
The Ring's Wrestling - 1966 - March.pdf,The Ring's Wrestling,March 1966,1966-03-01,2026-04-26,,1960s/1966/The Ring's Wrestling
Wrestling Illustrated - 1966 - January.pdf,Wrestling Illustrated,January 1966,1966-01-01,2026-04-26,,1960s/1966/Wrestling Illustrated
Wrestling Revue - 1966 - October.pdf,Wrestling Revue,October 1966,1966-10-01,2026-04-26,,1960s/1966/Wrestling Revue
Wrestling World - 1966 - August.pdf,Wrestling World,August 1966,1966-08-01,2026-04-26,,1960s/1966/Wrestling World
Wrestling World - 1966 - December.pdf,Wrestling World,December 1966,1966-12-01,2026-04-26,,1960s/1966/Wrestling World
Wrestling World - 1966 - June.pdf,Wrestling World,June 1966,1966-06-01,2026-04-26,,1960s/1966/Wrestling World
Wrestling Revue - 1967 - August.pdf,Wrestling Revue,August 1967,1967-08-01,2026-04-26,,1960s/1967/Wrestling Revue
Wrestling Revue - 1967 - March.pdf,Wrestling Revue,March 1967,1967-03-01,2026-04-26,,1960s/1967/Wrestling Revue
Wrestling World - 1967 - February.pdf,Wrestling World,February 1967,1967-02-01,2026-04-26,,1960s/1967/Wrestling World
Big Book of Wrestling - 1968 - October.pdf,Big Book of Wrestling,October 1968,1968-10-01,2026-04-26,,1960s/1968/Big Book of Wrestling
The Ring's Wrestling - 1968 - December.pdf,The Ring's Wrestling,December 1968,1968-12-01,2026-04-26,,1960s/1968/The Ring's Wrestling
Wrestling Revue - 1968 - April.pdf,Wrestling Revue,April 1968,1968-04-01,2026-04-26,,1960s/1968/Wrestling Revue
Wrestling Revue - 1968 - December.pdf,Wrestling Revue,December 1968,1968-12-01,2026-04-26,,1960s/1968/Wrestling Revue
Wrestling Revue - 1968 - May.pdf,Wrestling Revue,May 1968,1968-05-01,2026-04-26,,1960s/1968/Wrestling Revue
Wrestling Revue - 1968 - September.pdf,Wrestling Revue,September 1968,1968-09-01,2026-04-26,,1960s/1968/Wrestling Revue
Wrestling World - 1968 - August.pdf,Wrestling World,August 1968,1968-08-01,2026-04-26,,1960s/1968/Wrestling World
Big Book of Wrestling - 1969 - July.pdf,Big Book of Wrestling,July 1969,1969-07-01,2026-04-26,,1960s/1969/Big Book of Wrestling
Inside Wrestling - 1969 - July.pdf,Inside Wrestling,July 1969,1969-07-01,2026-04-26,,1960s/1969/Inside Wrestling
Inside Wrestling - 1969 - May.pdf,Inside Wrestling,May 1969,1969-05-01,2026-04-26,,1960s/1969/Inside Wrestling
Inside Wrestling - 1969 - October.pdf,Inside Wrestling,October 1969,1969-10-01,2026-04-26,,1960s/1969/Inside Wrestling
Wrestling Revue - 1969 - April.pdf,Wrestling Revue,April 1969,1969-04-01,2026-04-26,,1960s/1969/Wrestling Revue
Wrestling Revue - 1969 - January.pdf,Wrestling Revue,January 1969,1969-01-01,2026-04-26,,1960s/1969/Wrestling Revue
Wrestling Revue - 1969 - May.pdf,Wrestling Revue,May 1969,1969-05-01,2026-04-26,,1960s/1969/Wrestling Revue
Big Book of Wrestling - 1971 - December.pdf,Big Book of Wrestling,December 1971,1971-12-01,2026-04-26,,1970s/1971/Big Book of Wrestling
Inside Wrestling - 1971 - May.pdf,Inside Wrestling,May 1971,1971-05-01,2026-04-26,,1970s/1971/Inside Wrestling
Inside Wrestling - 1971 - October.pdf,Inside Wrestling,October 1971,1971-10-01,2026-04-26,,1970s/1971/Inside Wrestling
Wrestling Monthly - 1971 - December.pdf,Wrestling Monthly,December 1971,1971-12-01,2026-04-26,,1970s/1971/Wrestling Monthly
Wrestling Monthly - 1971 - November.pdf,Wrestling Monthly,November 1971,1971-11-01,2026-04-26,,1970s/1971/Wrestling Monthly
Wrestling Monthly - 1971 - October.pdf,Wrestling Monthly,October 1971,1971-10-01,2026-04-26,,1970s/1971/Wrestling Monthly
Wrestling Revue - 1971 - October.pdf,Wrestling Revue,October 1971,1971-10-01,2026-04-26,,1970s/1971/Wrestling Revue
Wrestling Revue - 1971 - September.pdf,Wrestling Revue,September 1971,1971-09-01,2026-04-26,,1970s/1971/Wrestling Revue
Big Book of Wrestling - 1972 - July.pdf,Big Book of Wrestling,July 1972,1972-07-01,2026-04-26,,1970s/1972/Big Book of Wrestling
Big Book of Wrestling - 1972 - May.pdf,Big Book of Wrestling,May 1972,1972-05-01,2026-04-26,,1970s/1972/Big Book of Wrestling
Inside Wrestling - 1972 - January.pdf,Inside Wrestling,January 1972,1972-01-01,2026-04-26,,1970s/1972/Inside Wrestling
Inside Wrestling - 1972 - October.pdf,Inside Wrestling,October 1972,1972-10-01,2026-04-26,,1970s/1972/Inside Wrestling
Inside Wrestling - 1972 - September.pdf,Inside Wrestling,September 1972,1972-09-01,2026-04-26,,1970s/1972/Inside Wrestling
The Wrestler - 1972 - April.pdf,The Wrestler,April 1972,1972-04-01,2026-04-26,,1970s/1972/The Wrestler
The Wrestler - 1972 - August.pdf,The Wrestler,August 1972,1972-08-01,2026-04-26,,1970s/1972/The Wrestler
The Wrestler - 1972 - December.pdf,The Wrestler,December 1972,1972-12-01,2026-04-26,,1970s/1972/The Wrestler
The Wrestler - 1972 - February.pdf,The Wrestler,February 1972,1972-02-01,2026-04-26,,1970s/1972/The Wrestler
The Wrestler - 1972 - January.pdf,The Wrestler,January 1972,1972-01-01,2026-04-26,,1970s/1972/The Wrestler
The Wrestler - 1972 - July.pdf,The Wrestler,July 1972,1972-07-01,2026-04-26,,1970s/1972/The Wrestler
The Wrestler - 1972 - June.pdf,The Wrestler,June 1972,1972-06-01,2026-04-26,,1970s/1972/The Wrestler
The Wrestler - 1972 - March.pdf,The Wrestler,March 1972,1972-03-01,2026-04-26,,1970s/1972/The Wrestler
The Wrestler - 1972 - May.pdf,The Wrestler,May 1972,1972-05-01,2026-04-26,,1970s/1972/The Wrestler
The Wrestler - 1972 - October.pdf,The Wrestler,October 1972,1972-10-01,2026-04-26,,1970s/1972/The Wrestler
The Wrestler - 1972 - September.pdf,The Wrestler,September 1972,1972-09-01,2026-04-26,,1970s/1972/The Wrestler
Wrestling Monthly - 1972 - April.pdf,Wrestling Monthly,April 1972,1972-04-01,2026-04-26,,1970s/1972/Wrestling Monthly
Wrestling Monthly - 1972 - August.pdf,Wrestling Monthly,August 1972,1972-08-01,2026-04-26,,1970s/1972/Wrestling Monthly
Wrestling Monthly - 1972 - December.pdf,Wrestling Monthly,December 1972,1972-12-01,2026-04-26,,1970s/1972/Wrestling Monthly
Wrestling Monthly - 1972 - February.pdf,Wrestling Monthly,February 1972,1972-02-01,2026-04-26,,1970s/1972/Wrestling Monthly
Wrestling Monthly - 1972 - January.pdf,Wrestling Monthly,January 1972,1972-01-01,2026-04-26,,1970s/1972/Wrestling Monthly
Wrestling Monthly - 1972 - July.pdf,Wrestling Monthly,July 1972,1972-07-01,2026-04-26,,1970s/1972/Wrestling Monthly
Wrestling Monthly - 1972 - June.pdf,Wrestling Monthly,June 1972,1972-06-01,2026-04-26,,1970s/1972/Wrestling Monthly
Wrestling Monthly - 1972 - March.pdf,Wrestling Monthly,March 1972,1972-03-01,2026-04-26,,1970s/1972/Wrestling Monthly
Wrestling Monthly - 1972 - May.pdf,Wrestling Monthly,May 1972,1972-05-01,2026-04-26,,1970s/1972/Wrestling Monthly
Wrestling Monthly - 1972 - November.pdf,Wrestling Monthly,November 1972,1972-11-01,2026-04-26,,1970s/1972/Wrestling Monthly
Wrestling Monthly - 1972 - October.pdf,Wrestling Monthly,October 1972,1972-10-01,2026-04-26,,1970s/1972/Wrestling Monthly
Wrestling Monthly - 1972 - September.pdf,Wrestling Monthly,September 1972,1972-09-01,2026-04-26,,1970s/1972/Wrestling Monthly
Wrestling Revue - 1972 - August.pdf,Wrestling Revue,August 1972,1972-08-01,2026-04-26,,1970s/1972/Wrestling Revue
Wrestling Revue - 1972 - December.pdf,Wrestling Revue,December 1972,1972-12-01,2026-04-26,,1970s/1972/Wrestling Revue
Wrestling Revue - 1972 - July.pdf,Wrestling Revue,July 1972,1972-07-01,2026-04-26,,1970s/1972/Wrestling Revue
Wrestling Revue - 1972 - May.pdf,Wrestling Revue,May 1972,1972-05-01,2026-04-26,,1970s/1972/Wrestling Revue
Wrestling Revue - 1972 - November.pdf,Wrestling Revue,November 1972,1972-11-01,2026-04-26,,1970s/1972/Wrestling Revue
Wrestling Revue - 1972 - September.pdf,Wrestling Revue,September 1972,1972-09-01,2026-04-26,,1970s/1972/Wrestling Revue
Wrestling World - 1972 - January.pdf,Wrestling World,January 1972,1972-01-01,2026-04-26,,1970s/1972/Wrestling World
Big Book of Wrestling - 1973 - March.pdf,Big Book of Wrestling,March 1973,1973-03-01,2026-04-26,,1970s/1973/Big Book of Wrestling
Inside Wrestling - 1973 - December.pdf,Inside Wrestling,December 1973,1973-12-01,2026-04-26,,1970s/1973/Inside Wrestling
Inside Wrestling - 1973 - February.pdf,Inside Wrestling,February 1973,1973-02-01,2026-04-26,,1970s/1973/Inside Wrestling
The Wrestler - 1973 - May.pdf,The Wrestler,May 1973,1973-05-01,2026-04-26,,1970s/1973/The Wrestler
The Wrestler - 1973 - September.pdf,The Wrestler,September 1973,1973-09-01,2026-04-26,,1970s/1973/The Wrestler
Wrestling Revue - 1973 - February.pdf,Wrestling Revue,February 1973,1973-02-01,2026-04-26,,1970s/1973/Wrestling Revue
Wrestling Revue - 1973 - January.pdf,Wrestling Revue,January 1973,1973-01-01,2026-04-26,,1970s/1973/Wrestling Revue
Wrestling Revue - 1973 - March.pdf,Wrestling Revue,March 1973,1973-03-01,2026-04-26,,1970s/1973/Wrestling Revue
Wrestling Revue - 1973 - May.pdf,Wrestling Revue,May 1973,1973-05-01,2026-04-26,,1970s/1973/Wrestling Revue
Wrestling Revue - 1973 - November.pdf,Wrestling Revue,November 1973,1973-11-01,2026-04-26,,1970s/1973/Wrestling Revue
Wrestling Yearbook - 1973 - May.pdf,Wrestling Yearbook,May 1973,1973-05-01,2026-04-26,,1970s/1973/Wrestling Yearbook
Inside Wrestling - 1974 - April.pdf,Inside Wrestling,April 1974,1974-04-01,2026-04-26,,1970s/1974/Inside Wrestling
Inside Wrestling - 1974 - August.pdf,Inside Wrestling,August 1974,1974-08-01,2026-04-26,,1970s/1974/Inside Wrestling
Inside Wrestling - 1974 - December.pdf,Inside Wrestling,December 1974,1974-12-01,2026-04-26,,1970s/1974/Inside Wrestling
Inside Wrestling - 1974 - February.pdf,Inside Wrestling,February 1974,1974-02-01,2026-04-26,,1970s/1974/Inside Wrestling
Inside Wrestling - 1974 - January.pdf,Inside Wrestling,January 1974,1974-01-01,2026-04-26,,1970s/1974/Inside Wrestling
Inside Wrestling - 1974 - March.pdf,Inside Wrestling,March 1974,1974-03-01,2026-04-26,,1970s/1974/Inside Wrestling
Sports Review Wrestling - 1974 - April.pdf,Sports Review Wrestling,April 1974,1974-04-01,2026-04-26,,1970s/1974/Sports Review Wrestling
Sports Review Wrestling - 1974 - November.pdf,Sports Review Wrestling,November 1974,1974-11-01,2026-04-26,,1970s/1974/Sports Review Wrestling
The Wrestler - 1974 - January.pdf,The Wrestler,January 1974,1974-01-01,2026-04-26,,1970s/1974/The Wrestler
The Wrestler - 1974 - June.pdf,The Wrestler,June 1974,1974-06-01,2026-04-26,,1970s/1974/The Wrestler
Wrestling Revue - 1974 - June.pdf,Wrestling Revue,June 1974,1974-06-01,2026-04-26,,1970s/1974/Wrestling Revue
Big Book of Wrestling - 1975 - March.pdf,Big Book of Wrestling,March 1975,1975-03-01,2026-04-26,,1970s/1975/Big Book of Wrestling
Inside Wrestling - 1975 - April.pdf,Inside Wrestling,April 1975,1975-04-01,2026-04-26,,1970s/1975/Inside Wrestling
Inside Wrestling - 1975 - December.pdf,Inside Wrestling,December 1975,1975-12-01,2026-04-26,,1970s/1975/Inside Wrestling
Inside Wrestling - 1975 - May.pdf,Inside Wrestling,May 1975,1975-05-01,2026-04-26,,1970s/1975/Inside Wrestling
Inside Wrestling - 1975 - November.pdf,Inside Wrestling,November 1975,1975-11-01,2026-04-26,,1970s/1975/Inside Wrestling
Inside Wrestling - 1975 - October.pdf,Inside Wrestling,October 1975,1975-10-01,2026-04-26,,1970s/1975/Inside Wrestling
Inside Wrestling - 1975 - September.pdf,Inside Wrestling,September 1975,1975-09-01,2026-04-26,,1970s/1975/Inside Wrestling
Official Wrestling - 1975 - July.pdf,Official Wrestling,July 1975,1975-07-01,2026-04-26,,1970s/1975/Official Wrestling
Official Wrestling - 1975 - June.pdf,Official Wrestling,June 1975,1975-06-01,2026-04-26,,1970s/1975/Official Wrestling
Sports Review Wrestling - 1975 - January.pdf,Sports Review Wrestling,January 1975,1975-01-01,2026-04-26,,1970s/1975/Sports Review Wrestling
Sports Review Wrestling - 1975 - November.pdf,Sports Review Wrestling,November 1975,1975-11-01,2026-04-26,,1970s/1975/Sports Review Wrestling
Sports Review Wrestling - 1975 - September.pdf,Sports Review Wrestling,September 1975,1975-09-01,2026-04-26,,1970s/1975/Sports Review Wrestling
The Wrestler - 1975 - August.pdf,The Wrestler,August 1975,1975-08-01,2026-04-26,,1970s/1975/The Wrestler
The Wrestler - 1975 - February.pdf,The Wrestler,February 1975,1975-02-01,2026-04-26,,1970s/1975/The Wrestler
The Wrestler - 1975 - January.pdf,The Wrestler,January 1975,1975-01-01,2026-04-26,,1970s/1975/The Wrestler
The Wrestler - 1975 - October.pdf,The Wrestler,October 1975,1975-10-01,2026-04-26,,1970s/1975/The Wrestler
The Wrestler - 1975 - September.pdf,The Wrestler,September 1975,1975-09-01,2026-04-26,,1970s/1975/The Wrestler
Wrestling Guide - 1975 - December.pdf,Wrestling Guide,December 1975,1975-12-01,2026-04-26,,1970s/1975/Wrestling Guide
Wrestling Guide - 1975 - October.pdf,Wrestling Guide,October 1975,1975-10-01,2026-04-26,,1970s/1975/Wrestling Guide
Wrestling Revue - 1975 - October.pdf,Wrestling Revue,October 1975,1975-10-01,2026-04-26,,1970s/1975/Wrestling Revue
Big Book of Wrestling - 1976 - May.pdf,Big Book of Wrestling,May 1976,1976-05-01,2026-04-26,,1970s/1976/Big Book of Wrestling
Inside Wrestling - 1976 - April.pdf,Inside Wrestling,April 1976,1976-04-01,2026-04-26,,1970s/1976/Inside Wrestling
Inside Wrestling - 1976 - August.pdf,Inside Wrestling,August 1976,1976-08-01,2026-04-26,,1970s/1976/Inside Wrestling
Inside Wrestling - 1976 - December.pdf,Inside Wrestling,December 1976,1976-12-01,2026-04-26,,1970s/1976/Inside Wrestling
Inside Wrestling - 1976 - February.pdf,Inside Wrestling,February 1976,1976-02-01,2026-04-26,,1970s/1976/Inside Wrestling
Inside Wrestling - 1976 - January.pdf,Inside Wrestling,January 1976,1976-01-01,2026-04-26,,1970s/1976/Inside Wrestling
Inside Wrestling - 1976 - June.pdf,Inside Wrestling,June 1976,1976-06-01,2026-04-26,,1970s/1976/Inside Wrestling
Inside Wrestling - 1976 - March.pdf,Inside Wrestling,March 1976,1976-03-01,2026-04-26,,1970s/1976/Inside Wrestling
Inside Wrestling - 1976 - May.pdf,Inside Wrestling,May 1976,1976-05-01,2026-04-26,,1970s/1976/Inside Wrestling
Inside Wrestling - 1976 - November.pdf,Inside Wrestling,November 1976,1976-11-01,2026-04-26,,1970s/1976/Inside Wrestling
Inside Wrestling - 1976 - October.pdf,Inside Wrestling,October 1976,1976-10-01,2026-04-26,,1970s/1976/Inside Wrestling
Inside Wrestling - 1976 - September.pdf,Inside Wrestling,September 1976,1976-09-01,2026-04-26,,1970s/1976/Inside Wrestling
Sports Review Wrestling - 1976 - Annual.pdf,Sports Review Wrestling,Annual 1976,1976 (Annual),2026-04-26,,1970s/1976/Sports Review Wrestling
Sports Review Wrestling - 1976 - May.pdf,Sports Review Wrestling,May 1976,1976-05-01,2026-04-26,,1970s/1976/Sports Review Wrestling
The Ring Wrestling - 1976 - June.pdf,The Ring Wrestling,June 1976,1976-06-01,2026-04-26,,1970s/1976/The Ring Wrestling
The Ring's Wrestling - 1976 - June.pdf,The Ring's Wrestling,June 1976,1976-06-01,2026-04-26,,1970s/1976/The Ring's Wrestling
The Wrestler - 1976 - April.pdf,The Wrestler,April 1976,1976-04-01,2026-04-26,,1970s/1976/The Wrestler
The Wrestler - 1976 - August.pdf,The Wrestler,August 1976,1976-08-01,2026-04-26,,1970s/1976/The Wrestler
The Wrestler - 1976 - December.pdf,The Wrestler,December 1976,1976-12-01,2026-04-26,,1970s/1976/The Wrestler
The Wrestler - 1976 - February.pdf,The Wrestler,February 1976,1976-02-01,2026-04-26,,1970s/1976/The Wrestler
The Wrestler - 1976 - June.pdf,The Wrestler,June 1976,1976-06-01,2026-04-26,,1970s/1976/The Wrestler
The Wrestler - 1976 - March.pdf,The Wrestler,March 1976,1976-03-01,2026-04-26,,1970s/1976/The Wrestler
The Wrestler - 1976 - May.pdf,The Wrestler,May 1976,1976-05-01,2026-04-26,,1970s/1976/The Wrestler
The Wrestler - 1976 - October.pdf,The Wrestler,October 1976,1976-10-01,2026-04-26,,1970s/1976/The Wrestler
The Wrestler - 1976 - September.pdf,The Wrestler,September 1976,1976-09-01,2026-04-26,,1970s/1976/The Wrestler
Wrestling Monthly - 1976 - April.pdf,Wrestling Monthly,April 1976,1976-04-01,2026-04-26,,1970s/1976/Wrestling Monthly
Wrestling Monthly - 1976 - May.pdf,Wrestling Monthly,May 1976,1976-05-01,2026-04-26,,1970s/1976/Wrestling Monthly
Wrestling Revue - 1976 - April.pdf,Wrestling Revue,April 1976,1976-04-01,2026-04-26,,1970s/1976/Wrestling Revue
Wrestling Revue - 1976 - June.pdf,Wrestling Revue,June 1976,1976-06-01,2026-04-26,,1970s/1976/Wrestling Revue
Best of The Wrestler - 1977 - Spring.pdf,Best of The Wrestler,Spring 1977,1977 (Spring),2026-04-26,,1970s/1977/Best of The Wrestler
Big Book of Wrestling - 1977 - March.pdf,Big Book of Wrestling,March 1977,1977-03-01,2026-04-26,,1970s/1977/Big Book of Wrestling
Big Book of Wrestling - 1977 - November.pdf,Big Book of Wrestling,November 1977,1977-11-01,2026-04-26,,1970s/1977/Big Book of Wrestling
Inside Wrestling - 1977 - April.pdf,Inside Wrestling,April 1977,1977-04-01,2026-04-26,,1970s/1977/Inside Wrestling
Inside Wrestling - 1977 - August.pdf,Inside Wrestling,August 1977,1977-08-01,2026-04-26,,1970s/1977/Inside Wrestling
Inside Wrestling - 1977 - December.pdf,Inside Wrestling,December 1977,1977-12-01,2026-04-26,,1970s/1977/Inside Wrestling
Inside Wrestling - 1977 - February.pdf,Inside Wrestling,February 1977,1977-02-01,2026-04-26,,1970s/1977/Inside Wrestling
Inside Wrestling - 1977 - June.pdf,Inside Wrestling,June 1977,1977-06-01,2026-04-26,,1970s/1977/Inside Wrestling
Inside Wrestling - 1977 - March.pdf,Inside Wrestling,March 1977,1977-03-01,2026-04-26,,1970s/1977/Inside Wrestling
Inside Wrestling - 1977 - May.pdf,Inside Wrestling,May 1977,1977-05-01,2026-04-26,,1970s/1977/Inside Wrestling
Inside Wrestling - 1977 - November.pdf,Inside Wrestling,November 1977,1977-11-01,2026-04-26,,1970s/1977/Inside Wrestling
Inside Wrestling - 1977 - October.pdf,Inside Wrestling,October 1977,1977-10-01,2026-04-26,,1970s/1977/Inside Wrestling
Inside Wrestling - 1977 - September.pdf,Inside Wrestling,September 1977,1977-09-01,2026-04-26,,1970s/1977/Inside Wrestling
SRW - 1977 - Annual.pdf,SRW,Annual 1977,1977 (Annual),2026-04-26,,1970s/1977/SRW
Sports Review Wrestling - 1977 - August.pdf,Sports Review Wrestling,August 1977,1977-08-01,2026-04-26,,1970s/1977/Sports Review Wrestling
Sports Review Wrestling - 1977 - January.pdf,Sports Review Wrestling,January 1977,1977-01-01,2026-04-26,,1970s/1977/Sports Review Wrestling
Sports Review Wrestling - 1977 - July.pdf,Sports Review Wrestling,July 1977,1977-07-01,2026-04-26,,1970s/1977/Sports Review Wrestling
Sports Review Wrestling - 1977 - June.pdf,Sports Review Wrestling,June 1977,1977-06-01,2026-04-26,,1970s/1977/Sports Review Wrestling
Sports Review Wrestling - 1977 - March.pdf,Sports Review Wrestling,March 1977,1977-03-01,2026-04-26,,1970s/1977/Sports Review Wrestling
Sports Review Wrestling - 1977 - May (1).pdf,Sports Review Wrestling,May 1977,1977-05-01,2026-04-26,,1970s/1977/Sports Review Wrestling
Sports Review Wrestling - 1977 - May.pdf,Sports Review Wrestling,May 1977,1977-05-01,2026-04-26,,1970s/1977/Sports Review Wrestling
Sports Review Wrestling - 1977 - November.pdf,Sports Review Wrestling,November 1977,1977-11-01,2026-04-26,,1970s/1977/Sports Review Wrestling
Sports Review Wrestling 1977 Annual - 1977 - Summer.pdf,Sports Review Wrestling 1977 Annual,Summer 1977,1977 (Summer),2026-04-26,,1970s/1977/Sports Review Wrestling 1977 Annual
The Best of The Wrestler - 1977 - Fall.pdf,The Best of The Wrestler,Fall 1977,1977 (Fall),2026-04-26,,1970s/1977/The Best of The Wrestler
The Ring's Wrestling - 1977 - October.pdf,The Ring's Wrestling,October 1977,1977-10-01,2026-04-26,,1970s/1977/The Ring's Wrestling
The Wrestler - 1977 - December.pdf,The Wrestler,December 1977,1977-12-01,2026-04-26,,1970s/1977/The Wrestler
The Wrestler - 1977 - March.pdf,The Wrestler,March 1977,1977-03-01,2026-04-26,,1970s/1977/The Wrestler
The Wrestler - 1977 - November.pdf,The Wrestler,November 1977,1977-11-01,2026-04-26,,1970s/1977/The Wrestler
Wrestling Monthly - 1977 - April.pdf,Wrestling Monthly,April 1977,1977-04-01,2026-04-26,,1970s/1977/Wrestling Monthly
Wrestling Monthly - 1977 - December.pdf,Wrestling Monthly,December 1977,1977-12-01,2026-04-26,,1970s/1977/Wrestling Monthly
Wrestling Monthly - 1977 - November.pdf,Wrestling Monthly,November 1977,1977-11-01,2026-04-26,,1970s/1977/Wrestling Monthly
Wrestling Revue - 1977 - August.pdf,Wrestling Revue,August 1977,1977-08-01,2026-04-26,,1970s/1977/Wrestling Revue
Wrestling Superstars - 1977 - July.pdf,Wrestling Superstars,July 1977,1977-07-01,2026-04-26,,1970s/1977/Wrestling Superstars
Wrestling Superstars - 1977 - October.pdf,Wrestling Superstars,October 1977,1977-10-01,2026-04-26,,1970s/1977/Wrestling Superstars
Inside Wrestling - 1978 - April.pdf,Inside Wrestling,April 1978,1978-04-01,2026-04-26,,1970s/1978/Inside Wrestling
Inside Wrestling - 1978 - August.pdf,Inside Wrestling,August 1978,1978-08-01,2026-04-26,,1970s/1978/Inside Wrestling
Inside Wrestling - 1978 - February.pdf,Inside Wrestling,February 1978,1978-02-01,2026-04-26,,1970s/1978/Inside Wrestling
Inside Wrestling - 1978 - January.pdf,Inside Wrestling,January 1978,1978-01-01,2026-04-26,,1970s/1978/Inside Wrestling
Inside Wrestling - 1978 - July.pdf,Inside Wrestling,July 1978,1978-07-01,2026-04-26,,1970s/1978/Inside Wrestling
Inside Wrestling - 1978 - March.pdf,Inside Wrestling,March 1978,1978-03-01,2026-04-26,,1970s/1978/Inside Wrestling
Inside Wrestling - 1978 - November.pdf,Inside Wrestling,November 1978,1978-11-01,2026-04-26,,1970s/1978/Inside Wrestling
Inside Wrestling - 1978 - October.pdf,Inside Wrestling,October 1978,1978-10-01,2026-04-26,,1970s/1978/Inside Wrestling
Sports Review Wrestling - 1978 - April.pdf,Sports Review Wrestling,April 1978,1978-04-01,2026-04-26,,1970s/1978/Sports Review Wrestling
Sports Review Wrestling - 1978 - December.pdf,Sports Review Wrestling,December 1978,1978-12-01,2026-04-26,,1970s/1978/Sports Review Wrestling
Sports Review Wrestling - 1978 - January.pdf,Sports Review Wrestling,January 1978,1978-01-01,2026-04-26,,1970s/1978/Sports Review Wrestling
Sports Review Wrestling - 1978 - July.pdf,Sports Review Wrestling,July 1978,1978-07-01,2026-04-26,,1970s/1978/Sports Review Wrestling
Sports Review Wrestling - 1978 - March.pdf,Sports Review Wrestling,March 1978,1978-03-01,2026-04-26,,1970s/1978/Sports Review Wrestling
Sports Review Wrestling - 1978 - November.pdf,Sports Review Wrestling,November 1978,1978-11-01,2026-04-26,,1970s/1978/Sports Review Wrestling
Sports Review Wrestling - 1978 - October.pdf,Sports Review Wrestling,October 1978,1978-10-01,2026-04-26,,1970s/1978/Sports Review Wrestling
The Ring's Wrestling - 1978 - January.pdf,The Ring's Wrestling,January 1978,1978-01-01,2026-04-26,,1970s/1978/The Ring's Wrestling
The Ring's Wrestling - 1978 - July.pdf,The Ring's Wrestling,July 1978,1978-07-01,2026-04-26,,1970s/1978/The Ring's Wrestling
The Wrestler - 1978 - November.pdf,The Wrestler,November 1978,1978-11-01,2026-04-26,,1970s/1978/The Wrestler
Wrestling Monthly - 1978 - April.pdf,Wrestling Monthly,April 1978,1978-04-01,2026-04-26,,1970s/1978/Wrestling Monthly
Wrestling Monthly - 1978 - August.pdf,Wrestling Monthly,August 1978,1978-08-01,2026-04-26,,1970s/1978/Wrestling Monthly
Wrestling Monthly - 1978 - January.pdf,Wrestling Monthly,January 1978,1978-01-01,2026-04-26,,1970s/1978/Wrestling Monthly
Wrestling Monthly - 1978 - June.pdf,Wrestling Monthly,June 1978,1978-06-01,2026-04-26,,1970s/1978/Wrestling Monthly
Wrestling Monthly - 1978 - November.pdf,Wrestling Monthly,November 1978,1978-11-01,2026-04-26,,1970s/1978/Wrestling Monthly
Wrestling Monthly - 1978 - October.pdf,Wrestling Monthly,October 1978,1978-10-01,2026-04-26,,1970s/1978/Wrestling Monthly
Wrestling Revue - 1978 - April.pdf,Wrestling Revue,April 1978,1978-04-01,2026-04-26,,1970s/1978/Wrestling Revue
Inside Wrestling - 1979 - August.pdf,Inside Wrestling,August 1979,1979-08-01,2026-04-26,,1970s/1979/Inside Wrestling
Inside Wrestling - 1979 - December.pdf,Inside Wrestling,December 1979,1979-12-01,2026-04-26,,1970s/1979/Inside Wrestling
Inside Wrestling - 1979 - February.pdf,Inside Wrestling,February 1979,1979-02-01,2026-04-26,,1970s/1979/Inside Wrestling
Inside Wrestling - 1979 - January.pdf,Inside Wrestling,January 1979,1979-01-01,2026-04-26,,1970s/1979/Inside Wrestling
Inside Wrestling - 1979 - March.pdf,Inside Wrestling,March 1979,1979-03-01,2026-04-26,,1970s/1979/Inside Wrestling
Inside Wrestling - 1979 - May.pdf,Inside Wrestling,May 1979,1979-05-01,2026-04-26,,1970s/1979/Inside Wrestling
Inside Wrestling - 1979 - November.pdf,Inside Wrestling,November 1979,1979-11-01,2026-04-26,,1970s/1979/Inside Wrestling
Inside Wrestling - 1979 - October.pdf,Inside Wrestling,October 1979,1979-10-01,2026-04-26,,1970s/1979/Inside Wrestling
Inside Wrestling - 1979 - September.pdf,Inside Wrestling,September 1979,1979-09-01,2026-04-26,,1970s/1979/Inside Wrestling
Pro Wrestling Illustrated - 1979 - November.pdf,Pro Wrestling Illustrated,November 1979,1979-11-01,2026-04-26,,1970s/1979/Pro Wrestling Illustrated
Pro Wrestling Illustrated - 1979 - September.pdf,Pro Wrestling Illustrated,September 1979,1979-09-01,2026-04-26,,1970s/1979/Pro Wrestling Illustrated
Sports Review Wrestling - 1979 - August.pdf,Sports Review Wrestling,August 1979,1979-08-01,2026-04-26,,1970s/1979/Sports Review Wrestling
Sports Review Wrestling - 1979 - January.pdf,Sports Review Wrestling,January 1979,1979-01-01,2026-04-26,,1970s/1979/Sports Review Wrestling
Sports Review Wrestling - 1979 - March.pdf,Sports Review Wrestling,March 1979,1979-03-01,2026-04-26,,1970s/1979/Sports Review Wrestling
Sports Review Wrestling - 1979 - October.pdf,Sports Review Wrestling,October 1979,1979-10-01,2026-04-26,,1970s/1979/Sports Review Wrestling
Sports Review Wrestling - 1979 - September.pdf,Sports Review Wrestling,September 1979,1979-09-01,2026-04-26,,1970s/1979/Sports Review Wrestling
The Ring's Wrestling - 1979 - January.pdf,The Ring's Wrestling,January 1979,1979-01-01,2026-04-26,,1970s/1979/The Ring's Wrestling
The Wrestler - 1979 - April.pdf,The Wrestler,April 1979,1979-04-01,2026-04-26,,1970s/1979/The Wrestler
The Wrestler - 1979 - December.pdf,The Wrestler,December 1979,1979-12-01,2026-04-26,,1970s/1979/The Wrestler
The Wrestler - 1979 - February.pdf,The Wrestler,February 1979,1979-02-01,2026-04-26,,1970s/1979/The Wrestler
The Wrestler - 1979 - January.pdf,The Wrestler,January 1979,1979-01-01,2026-04-26,,1970s/1979/The Wrestler
The Wrestler - 1979 - May.pdf,The Wrestler,May 1979,1979-05-01,2026-04-26,,1970s/1979/The Wrestler
Victory Sports Wrestling - 1979 - December.pdf,Victory Sports Wrestling,December 1979,1979-12-01,2026-04-26,,1970s/1979/Victory Sports Wrestling
Victory Sports Wrestling - 1979 - September.pdf,Victory Sports Wrestling,September 1979,1979-09-01,2026-04-26,,1970s/1979/Victory Sports Wrestling
Wrestling Monthly - 1979 - January.pdf,Wrestling Monthly,January 1979,1979-01-01,2026-04-26,,1970s/1979/Wrestling Monthly
Wrestling Superstars - 1979 - October.pdf,Wrestling Superstars,October 1979,1979-10-01,2026-04-26,,1970s/1979/Wrestling Superstars
Wrestling Today - 1979 - December.pdf,Wrestling Today,December 1979,1979-12-01,2026-04-26,,1970s/1979/Wrestling Today
Wrestling Today - 1979 - November.pdf,Wrestling Today,November 1979,1979-11-01,2026-04-26,,1970s/1979/Wrestling Today
Inside Wrestling - 1980 - April.pdf,Inside Wrestling,April 1980,1980-04-01,2026-04-26,,1980s/1980/Inside Wrestling
Inside Wrestling - 1980 - August.pdf,Inside Wrestling,August 1980,1980-08-01,2026-04-26,,1980s/1980/Inside Wrestling
Inside Wrestling - 1980 - December.pdf,Inside Wrestling,December 1980,1980-12-01,2026-04-26,,1980s/1980/Inside Wrestling
Inside Wrestling - 1980 - February.pdf,Inside Wrestling,February 1980,1980-02-01,2026-04-26,,1980s/1980/Inside Wrestling
Inside Wrestling - 1980 - January.pdf,Inside Wrestling,January 1980,1980-01-01,2026-04-26,,1980s/1980/Inside Wrestling
Inside Wrestling - 1980 - July.pdf,Inside Wrestling,July 1980,1980-07-01,2026-04-26,,1980s/1980/Inside Wrestling
Inside Wrestling - 1980 - June.pdf,Inside Wrestling,June 1980,1980-06-01,2026-04-26,,1980s/1980/Inside Wrestling
Inside Wrestling - 1980 - March (1).pdf,Inside Wrestling,March 1980,1980-03-01,2026-04-26,,1980s/1980/Inside Wrestling
Inside Wrestling - 1980 - March.pdf,Inside Wrestling,March 1980,1980-03-01,2026-04-26,,1980s/1980/Inside Wrestling
Inside Wrestling - 1980 - May (1).pdf,Inside Wrestling,May 1980,1980-05-01,2026-04-26,,1980s/1980/Inside Wrestling
Inside Wrestling - 1980 - May.pdf,Inside Wrestling,May 1980,1980-05-01,2026-04-26,,1980s/1980/Inside Wrestling
Inside Wrestling - 1980 - November.pdf,Inside Wrestling,November 1980,1980-11-01,2026-04-26,,1980s/1980/Inside Wrestling
Inside Wrestling - 1980 - October.pdf,Inside Wrestling,October 1980,1980-10-01,2026-04-26,,1980s/1980/Inside Wrestling
Inside Wrestling - 1980 - September.pdf,Inside Wrestling,September 1980,1980-09-01,2026-04-26,,1980s/1980/Inside Wrestling
Pro Wrestling Illustrated - 1980 - August.pdf,Pro Wrestling Illustrated,August 1980,1980-08-01,2026-04-26,,1980s/1980/Pro Wrestling Illustrated
Pro Wrestling Illustrated - 1980 - December.pdf,Pro Wrestling Illustrated,December 1980,1980-12-01,2026-04-26,,1980s/1980/Pro Wrestling Illustrated
Pro Wrestling Illustrated - 1980 - January.pdf,Pro Wrestling Illustrated,January 1980,1980-01-01,2026-04-26,,1980s/1980/Pro Wrestling Illustrated
Pro Wrestling Illustrated - 1980 - July.pdf,Pro Wrestling Illustrated,July 1980,1980-07-01,2026-04-26,,1980s/1980/Pro Wrestling Illustrated
Pro Wrestling Illustrated - 1980 - March.pdf,Pro Wrestling Illustrated,March 1980,1980-03-01,2026-04-26,,1980s/1980/Pro Wrestling Illustrated
Pro Wrestling Illustrated - 1980 - May.pdf,Pro Wrestling Illustrated,May 1980,1980-05-01,2026-04-26,,1980s/1980/Pro Wrestling Illustrated
Pro Wrestling Illustrated - 1980 - November.pdf,Pro Wrestling Illustrated,November 1980,1980-11-01,2026-04-26,,1980s/1980/Pro Wrestling Illustrated
Sports Review Wrestling - 1980 - August.pdf,Sports Review Wrestling,August 1980,1980-08-01,2026-04-26,,1980s/1980/Sports Review Wrestling
Sports Review Wrestling - 1980 - December.pdf,Sports Review Wrestling,December 1980,1980-12-01,2026-04-26,,1980s/1980/Sports Review Wrestling
Sports Review Wrestling - 1980 - February.pdf,Sports Review Wrestling,February 1980,1980-02-01,2026-04-26,,1980s/1980/Sports Review Wrestling
Sports Review Wrestling - 1980 - June.pdf,Sports Review Wrestling,June 1980,1980-06-01,2026-04-26,,1980s/1980/Sports Review Wrestling
Sports Review Wrestling - 1980 - May.pdf,Sports Review Wrestling,May 1980,1980-05-01,2026-04-26,,1980s/1980/Sports Review Wrestling
Sports Review Wrestling - 1980 - October.pdf,Sports Review Wrestling,October 1980,1980-10-01,2026-04-26,,1980s/1980/Sports Review Wrestling
Sports Review Wrestling 1980 Annual - 1980 - February.pdf,Sports Review Wrestling 1980 Annual,February 1980,1980-02-01,2026-04-26,,1980s/1980/Sports Review Wrestling 1980 Annual
The Ring's Wrestling - 1980 - April.pdf,The Ring's Wrestling,April 1980,1980-04-01,2026-04-26,,1980s/1980/The Ring's Wrestling
The Wrestler - 1980 - December.pdf,The Wrestler,December 1980,1980-12-01,2026-04-26,,1980s/1980/The Wrestler
The Wrestler - 1980 - February.pdf,The Wrestler,February 1980,1980-02-01,2026-04-26,,1980s/1980/The Wrestler
The Wrestler - 1980 - March.pdf,The Wrestler,March 1980,1980-03-01,2026-04-26,,1980s/1980/The Wrestler
The Wrestler - 1980 - November.pdf,The Wrestler,November 1980,1980-11-01,2026-04-26,,1980s/1980/The Wrestler
The Wrestler - 1980 - October.pdf,The Wrestler,October 1980,1980-10-01,2026-04-26,,1980s/1980/The Wrestler
Wrestling Revue - 1980 - April.pdf,Wrestling Revue,April 1980,1980-04-01,2026-04-26,,1980s/1980/Wrestling Revue
Wrestling Revue - 1980 - February.pdf,Wrestling Revue,February 1980,1980-02-01,2026-04-26,,1980s/1980/Wrestling Revue
Wrestling Revue - 1980 - June.pdf,Wrestling Revue,June 1980,1980-06-01,2026-04-26,,1980s/1980/Wrestling Revue
Wrestling Revue - 1980 - October.pdf,Wrestling Revue,October 1980,1980-10-01,2026-04-26,,1980s/1980/Wrestling Revue
Wrestling Superstars - 1980 - January.pdf,Wrestling Superstars,January 1980,1980-01-01,2026-04-26,,1980s/1980/Wrestling Superstars
Wrestling Superstars - 1980 - March.pdf,Wrestling Superstars,March 1980,1980-03-01,2026-04-26,,1980s/1980/Wrestling Superstars
Wrestling Today - 1980 - Issue 13.pdf,Wrestling Today,Issue 13 1980,1980 (Issue 13),2026-04-26,,1980s/1980/Wrestling Today
Wrestling Today - 1980 - Issue 14.pdf,Wrestling Today,Issue 14 1980,1980 (Issue 14),2026-04-26,,1980s/1980/Wrestling Today
Inside Wrestling - 1981 - April.pdf,Inside Wrestling,April 1981,1981-04-01,2026-04-26,,1980s/1981/Inside Wrestling
Inside Wrestling - 1981 - December.pdf,Inside Wrestling,December 1981,1981-12-01,2026-04-26,,1980s/1981/Inside Wrestling
Inside Wrestling - 1981 - February.pdf,Inside Wrestling,February 1981,1981-02-01,2026-04-26,,1980s/1981/Inside Wrestling
Inside Wrestling - 1981 - July.pdf,Inside Wrestling,July 1981,1981-07-01,2026-04-26,,1980s/1981/Inside Wrestling
Inside Wrestling - 1981 - June.pdf,Inside Wrestling,June 1981,1981-06-01,2026-04-26,,1980s/1981/Inside Wrestling
Inside Wrestling - 1981 - March.pdf,Inside Wrestling,March 1981,1981-03-01,2026-04-26,,1980s/1981/Inside Wrestling
Inside Wrestling - 1981 - May.pdf,Inside Wrestling,May 1981,1981-05-01,2026-04-26,,1980s/1981/Inside Wrestling
Inside Wrestling - 1981 - November.pdf,Inside Wrestling,November 1981,1981-11-01,2026-04-26,,1980s/1981/Inside Wrestling
Inside Wrestling - 1981 - October.pdf,Inside Wrestling,October 1981,1981-10-01,2026-04-26,,1980s/1981/Inside Wrestling
Pro Wrestling Illustrated - 1981 - April.pdf,Pro Wrestling Illustrated,April 1981,1981-04-01,2026-04-26,,1980s/1981/Pro Wrestling Illustrated
Pro Wrestling Illustrated - 1981 - August.pdf,Pro Wrestling Illustrated,August 1981,1981-08-01,2026-04-26,,1980s/1981/Pro Wrestling Illustrated
Pro Wrestling Illustrated - 1981 - December.pdf,Pro Wrestling Illustrated,December 1981,1981-12-01,2026-04-26,,1980s/1981/Pro Wrestling Illustrated
Pro Wrestling Illustrated - 1981 - February.pdf,Pro Wrestling Illustrated,February 1981,1981-02-01,2026-04-26,,1980s/1981/Pro Wrestling Illustrated
Pro Wrestling Illustrated - 1981 - January.pdf,Pro Wrestling Illustrated,January 1981,1981-01-01,2026-04-26,,1980s/1981/Pro Wrestling Illustrated
Pro Wrestling Illustrated - 1981 - July.pdf,Pro Wrestling Illustrated,July 1981,1981-07-01,2026-04-26,,1980s/1981/Pro Wrestling Illustrated
Pro Wrestling Illustrated - 1981 - May.pdf,Pro Wrestling Illustrated,May 1981,1981-05-01,2026-04-26,,1980s/1981/Pro Wrestling Illustrated
Pro Wrestling Illustrated - 1981 - October.pdf,Pro Wrestling Illustrated,October 1981,1981-10-01,2026-04-26,,1980s/1981/Pro Wrestling Illustrated
Sports Review Wrestling - 1981 - January.pdf,Sports Review Wrestling,January 1981,1981-01-01,2026-04-26,,1980s/1981/Sports Review Wrestling
Sports Review Wrestling - 1981 - June.pdf,Sports Review Wrestling,June 1981,1981-06-01,2026-04-26,,1980s/1981/Sports Review Wrestling
The Ring's Wrestling - 1981 - August.pdf,The Ring's Wrestling,August 1981,1981-08-01,2026-04-26,,1980s/1981/The Ring's Wrestling
The Wrestler - 1981 - April.pdf,The Wrestler,April 1981,1981-04-01,2026-04-26,,1980s/1981/The Wrestler
The Wrestler - 1981 - August.pdf,The Wrestler,August 1981,1981-08-01,2026-04-26,,1980s/1981/The Wrestler
The Wrestler - 1981 - December.pdf,The Wrestler,December 1981,1981-12-01,2026-04-26,,1980s/1981/The Wrestler
The Wrestler - 1981 - February.pdf,The Wrestler,February 1981,1981-02-01,2026-04-26,,1980s/1981/The Wrestler
The Wrestler - 1981 - January.pdf,The Wrestler,January 1981,1981-01-01,2026-04-26,,1980s/1981/The Wrestler
The Wrestler - 1981 - July.pdf,The Wrestler,July 1981,1981-07-01,2026-04-26,,1980s/1981/The Wrestler
The Wrestler - 1981 - June.pdf,The Wrestler,June 1981,1981-06-01,2026-04-26,,1980s/1981/The Wrestler
The Wrestler - 1981 - March.pdf,The Wrestler,March 1981,1981-03-01,2026-04-26,,1980s/1981/The Wrestler
The Wrestler - 1981 - May.pdf,The Wrestler,May 1981,1981-05-01,2026-04-26,,1980s/1981/The Wrestler
The Wrestler - 1981 - November.pdf,The Wrestler,November 1981,1981-11-01,2026-04-26,,1980s/1981/The Wrestler
The Wrestler - 1981 - October.pdf,The Wrestler,October 1981,1981-10-01,2026-04-26,,1980s/1981/The Wrestler
The Wrestler - 1981 - September.pdf,The Wrestler,September 1981,1981-09-01,2026-04-26,,1980s/1981/The Wrestler
Wrestling News - 1981 - July.pdf,Wrestling News,July 1981,1981-07-01,2026-04-26,,1980s/1981/Wrestling News
Inside Wrestling - 1982 - August.pdf,Inside Wrestling,August 1982,1982-08-01,2026-04-26,,1980s/1982/Inside Wrestling
Inside Wrestling - 1982 - December.pdf,Inside Wrestling,December 1982,1982-12-01,2026-04-26,,1980s/1982/Inside Wrestling
Inside Wrestling - 1982 - January.pdf,Inside Wrestling,January 1982,1982-01-01,2026-04-26,,1980s/1982/Inside Wrestling
Inside Wrestling - 1982 - May.pdf,Inside Wrestling,May 1982,1982-05-01,2026-04-26,,1980s/1982/Inside Wrestling
Inside Wrestling - 1982 - September.pdf,Inside Wrestling,September 1982,1982-09-01,2026-04-26,,1980s/1982/Inside Wrestling
Pro Wrestling Illustrated - 1982 - August.pdf,Pro Wrestling Illustrated,August 1982,1982-08-01,2026-04-26,,1980s/1982/Pro Wrestling Illustrated
Pro Wrestling Illustrated - 1982 - December.pdf,Pro Wrestling Illustrated,December 1982,1982-12-01,2026-04-26,,1980s/1982/Pro Wrestling Illustrated
Pro Wrestling Illustrated - 1982 - February.pdf,Pro Wrestling Illustrated,February 1982,1982-02-01,2026-04-26,,1980s/1982/Pro Wrestling Illustrated
Pro Wrestling Illustrated - 1982 - January.pdf,Pro Wrestling Illustrated,January 1982,1982-01-01,2026-04-26,,1980s/1982/Pro Wrestling Illustrated
Pro Wrestling Illustrated - 1982 - June.pdf,Pro Wrestling Illustrated,June 1982,1982-06-01,2026-04-26,,1980s/1982/Pro Wrestling Illustrated
Pro Wrestling Illustrated - 1982 - March.pdf,Pro Wrestling Illustrated,March 1982,1982-03-01,2026-04-26,,1980s/1982/Pro Wrestling Illustrated
Pro Wrestling Illustrated - 1982 - May.pdf,Pro Wrestling Illustrated,May 1982,1982-05-01,2026-04-26,,1980s/1982/Pro Wrestling Illustrated
Pro Wrestling Illustrated - 1982 - November.pdf,Pro Wrestling Illustrated,November 1982,1982-11-01,2026-04-26,,1980s/1982/Pro Wrestling Illustrated
Pro Wrestling Illustrated - 1982 - October.pdf,Pro Wrestling Illustrated,October 1982,1982-10-01,2026-04-26,,1980s/1982/Pro Wrestling Illustrated
Pro Wrestling Illustrated - 1982 - September.pdf,Pro Wrestling Illustrated,September 1982,1982-09-01,2026-04-26,,1980s/1982/Pro Wrestling Illustrated
Sports Review Wrestling - 1982 - August.pdf,Sports Review Wrestling,August 1982,1982-08-01,2026-04-26,,1980s/1982/Sports Review Wrestling
Sports Review Wrestling - 1982 - February.pdf,Sports Review Wrestling,February 1982,1982-02-01,2026-04-26,,1980s/1982/Sports Review Wrestling
Sports Review Wrestling - 1982 - January.pdf,Sports Review Wrestling,January 1982,1982-01-01,2026-04-26,,1980s/1982/Sports Review Wrestling
Sports Review Wrestling - 1982 - July.pdf,Sports Review Wrestling,July 1982,1982-07-01,2026-04-26,,1980s/1982/Sports Review Wrestling
Sports Review Wrestling - 1982 - May.pdf,Sports Review Wrestling,May 1982,1982-05-01,2026-04-26,,1980s/1982/Sports Review Wrestling
Sports Review Wrestling - 1982 - October.pdf,Sports Review Wrestling,October 1982,1982-10-01,2026-04-26,,1980s/1982/Sports Review Wrestling
Sports Review Wrestling - 1982 - September.pdf,Sports Review Wrestling,September 1982,1982-09-01,2026-04-26,,1980s/1982/Sports Review Wrestling
The Ring's Wrestling - 1982 - August.pdf,The Ring's Wrestling,August 1982,1982-08-01,2026-04-26,,1980s/1982/The Ring's Wrestling
The Ring's Wrestling - 1982 - June.pdf,The Ring's Wrestling,June 1982,1982-06-01,2026-04-26,,1980s/1982/The Ring's Wrestling
The Wrestler - 1982 - December.pdf,The Wrestler,December 1982,1982-12-01,2026-04-26,,1980s/1982/The Wrestler
The Wrestler - 1982 - May.pdf,The Wrestler,May 1982,1982-05-01,2026-04-26,,1980s/1982/The Wrestler
The Wrestler - 1982 - November.pdf,The Wrestler,November 1982,1982-11-01,2026-04-26,,1980s/1982/The Wrestler
The Wrestler - 1982 - October.pdf,The Wrestler,October 1982,1982-10-01,2026-04-26,,1980s/1982/The Wrestler
The Wrestler - 1982 - September.pdf,The Wrestler,September 1982,1982-09-01,2026-04-26,,1980s/1982/The Wrestler
Wrestling Revue - 1982 - July.pdf,Wrestling Revue,July 1982,1982-07-01,2026-04-26,,1980s/1982/Wrestling Revue
Wrestling Revue - 1982 - November.pdf,Wrestling Revue,November 1982,1982-11-01,2026-04-26,,1980s/1982/Wrestling Revue
Wrestling Scene - 1982 - August.pdf,Wrestling Scene,August 1982,1982-08-01,2026-04-26,,1980s/1982/Wrestling Scene
Wrestling's Main Event - 1982 - December.pdf,Wrestling's Main Event,December 1982,1982-12-01,2026-04-26,,1980s/1982/Wrestling's Main Event
Inside Wrestling - 1983 - April.pdf,Inside Wrestling,April 1983,1983-04-01,2026-04-26,,1980s/1983/Inside Wrestling
Inside Wrestling - 1983 - February.pdf,Inside Wrestling,February 1983,1983-02-01,2026-04-26,,1980s/1983/Inside Wrestling
Inside Wrestling - 1983 - January.pdf,Inside Wrestling,January 1983,1983-01-01,2026-04-26,,1980s/1983/Inside Wrestling
Inside Wrestling - 1983 - June.pdf,Inside Wrestling,June 1983,1983-06-01,2026-04-26,,1980s/1983/Inside Wrestling
Inside Wrestling - 1983 - March.pdf,Inside Wrestling,March 1983,1983-03-01,2026-04-26,,1980s/1983/Inside Wrestling
Inside Wrestling - 1983 - May.pdf,Inside Wrestling,May 1983,1983-05-01,2026-04-26,,1980s/1983/Inside Wrestling
Official Wrestling - 1983 - May.pdf,Official Wrestling,May 1983,1983-05-01,2026-04-26,,1980s/1983/Official Wrestling
Pro Wrestling Illustrated - 1983 - April.pdf,Pro Wrestling Illustrated,April 1983,1983-04-01,2026-04-26,,1980s/1983/Pro Wrestling Illustrated
Pro Wrestling Illustrated - 1983 - August.pdf,Pro Wrestling Illustrated,August 1983,1983-08-01,2026-04-26,,1980s/1983/Pro Wrestling Illustrated
Pro Wrestling Illustrated - 1983 - July.pdf,Pro Wrestling Illustrated,July 1983,1983-07-01,2026-04-26,,1980s/1983/Pro Wrestling Illustrated
Pro Wrestling Illustrated - 1983 - June.pdf,Pro Wrestling Illustrated,June 1983,1983-06-01,2026-04-26,,1980s/1983/Pro Wrestling Illustrated
Pro Wrestling Illustrated - 1983 - October.pdf,Pro Wrestling Illustrated,October 1983,1983-10-01,2026-04-26,,1980s/1983/Pro Wrestling Illustrated
Pro Wrestling Illustrated - 1983 - September.pdf,Pro Wrestling Illustrated,September 1983,1983-09-01,2026-04-26,,1980s/1983/Pro Wrestling Illustrated
Ringside Wrestling - 1983 - September.pdf,Ringside Wrestling,September 1983,1983-09-01,2026-04-26,,1980s/1983/Ringside Wrestling
Sports Review Wrestling - 1983 - April.pdf,Sports Review Wrestling,April 1983,1983-04-01,2026-04-26,,1980s/1983/Sports Review Wrestling
Sports Review Wrestling - 1983 - December.pdf,Sports Review Wrestling,December 1983,1983-12-01,2026-04-26,,1980s/1983/Sports Review Wrestling
Sports Review Wrestling - 1983 - February.pdf,Sports Review Wrestling,February 1983,1983-02-01,2026-04-26,,1980s/1983/Sports Review Wrestling
Sports Review Wrestling - 1983 - January.pdf,Sports Review Wrestling,January 1983,1983-01-01,2026-04-26,,1980s/1983/Sports Review Wrestling
Sports Review Wrestling - 1983 - July.pdf,Sports Review Wrestling,July 1983,1983-07-01,2026-04-26,,1980s/1983/Sports Review Wrestling
Sports Review Wrestling - 1983 - November.pdf,Sports Review Wrestling,November 1983,1983-11-01,2026-04-26,,1980s/1983/Sports Review Wrestling
The Wrestler - 1983 - April.pdf,The Wrestler,April 1983,1983-04-01,2026-04-26,,1980s/1983/The Wrestler
The Wrestler - 1983 - December.pdf,The Wrestler,December 1983,1983-12-01,2026-04-26,,1980s/1983/The Wrestler
The Wrestler - 1983 - February.pdf,The Wrestler,February 1983,1983-02-01,2026-04-26,,1980s/1983/The Wrestler
The Wrestler - 1983 - January.pdf,The Wrestler,January 1983,1983-01-01,2026-04-26,,1980s/1983/The Wrestler
The Wrestler - 1983 - June.pdf,The Wrestler,June 1983,1983-06-01,2026-04-26,,1980s/1983/The Wrestler
The Wrestler - 1983 - October.pdf,The Wrestler,October 1983,1983-10-01,2026-04-26,,1980s/1983/The Wrestler
Wrestling All Stars - 1983 - October.pdf,Wrestling All Stars,October 1983,1983-10-01,2026-04-26,,1980s/1983/Wrestling All Stars
Wrestling Revue - 1983 - September.pdf,Wrestling Revue,September 1983,1983-09-01,2026-04-26,,1980s/1983/Wrestling Revue
Wrestling Scene - 1983 - October.pdf,Wrestling Scene,October 1983,1983-10-01,2026-04-26,,1980s/1983/Wrestling Scene
Wrestling Superstars - 1983 - July.pdf,Wrestling Superstars,July 1983,1983-07-01,2026-04-26,,1980s/1983/Wrestling Superstars
Wrestling World - 1983 - December.pdf,Wrestling World,December 1983,1983-12-01,2026-04-26,,1980s/1983/Wrestling World
Wrestling's Main Event - 1983 - April.pdf,Wrestling's Main Event,April 1983,1983-04-01,2026-04-26,,1980s/1983/Wrestling's Main Event
Wrestling's Main Event - 1983 - August.pdf,Wrestling's Main Event,August 1983,1983-08-01,2026-04-26,,1980s/1983/Wrestling's Main Event
Wrestling's Main Event - 1983 - December.pdf,Wrestling's Main Event,December 1983,1983-12-01,2026-04-26,,1980s/1983/Wrestling's Main Event
Wrestling's Main Event - 1983 - June.pdf,Wrestling's Main Event,June 1983,1983-06-01,2026-04-26,,1980s/1983/Wrestling's Main Event
Wrestling's Main Event - 1983 - March.pdf,Wrestling's Main Event,March 1983,1983-03-01,2026-04-26,,1980s/1983/Wrestling's Main Event
Wrestling's Main Event - 1983 - November.pdf,Wrestling's Main Event,November 1983,1983-11-01,2026-04-26,,1980s/1983/Wrestling's Main Event
Wrestling's Main Event - 1983 - October.pdf,Wrestling's Main Event,October 1983,1983-10-01,2026-04-26,,1980s/1983/Wrestling's Main Event
Inside Wrestling - 1984 - August.pdf,Inside Wrestling,August 1984,1984-08-01,2026-04-26,,1980s/1984/Inside Wrestling
Inside Wrestling - 1984 - January.pdf,Inside Wrestling,January 1984,1984-01-01,2026-04-26,,1980s/1984/Inside Wrestling
Inside Wrestling - 1984 - May.pdf,Inside Wrestling,May 1984,1984-05-01,2026-04-26,,1980s/1984/Inside Wrestling
Inside Wrestling - 1984 - November.pdf,Inside Wrestling,November 1984,1984-11-01,2026-04-26,,1980s/1984/Inside Wrestling
Pro Wrestling Illustrated - 1984 - February.pdf,Pro Wrestling Illustrated,February 1984,1984-02-01,2026-04-26,,1980s/1984/Pro Wrestling Illustrated
Pro Wrestling Illustrated - 1984 - January.pdf,Pro Wrestling Illustrated,January 1984,1984-01-01,2026-04-26,,1980s/1984/Pro Wrestling Illustrated
Pro Wrestling Illustrated - 1984 - May.pdf,Pro Wrestling Illustrated,May 1984,1984-05-01,2026-04-26,,1980s/1984/Pro Wrestling Illustrated
Pro Wrestling Illustrated - 1984 - October.pdf,Pro Wrestling Illustrated,October 1984,1984-10-01,2026-04-26,,1980s/1984/Pro Wrestling Illustrated
Sports Review Wrestling - 1984 - February.pdf,Sports Review Wrestling,February 1984,1984-02-01,2026-04-26,,1980s/1984/Sports Review Wrestling
Sports Review Wrestling - 1984 - January.pdf,Sports Review Wrestling,January 1984,1984-01-01,2026-04-26,,1980s/1984/Sports Review Wrestling
Sports Review Wrestling - 1984 - July.pdf,Sports Review Wrestling,July 1984,1984-07-01,2026-04-26,,1980s/1984/Sports Review Wrestling
Sports Review Wrestling - 1984 - October.pdf,Sports Review Wrestling,October 1984,1984-10-01,2026-04-26,,1980s/1984/Sports Review Wrestling
The Wrestler - 1984 - April.pdf,The Wrestler,April 1984,1984-04-01,2026-04-26,,1980s/1984/The Wrestler
The Wrestler - 1984 - August.pdf,The Wrestler,August 1984,1984-08-01,2026-04-26,,1980s/1984/The Wrestler
The Wrestler - 1984 - December.pdf,The Wrestler,December 1984,1984-12-01,2026-04-26,,1980s/1984/The Wrestler
The Wrestler - 1984 - February.pdf,The Wrestler,February 1984,1984-02-01,2026-04-26,,1980s/1984/The Wrestler
The Wrestler - 1984 - July.pdf,The Wrestler,July 1984,1984-07-01,2026-04-26,,1980s/1984/The Wrestler
The Wrestler - 1984 - June.pdf,The Wrestler,June 1984,1984-06-01,2026-04-26,,1980s/1984/The Wrestler
The Wrestler - 1984 - March.pdf,The Wrestler,March 1984,1984-03-01,2026-04-26,,1980s/1984/The Wrestler
The Wrestler - 1984 - May.pdf,The Wrestler,May 1984,1984-05-01,2026-04-26,,1980s/1984/The Wrestler
The Wrestler - 1984 - November.pdf,The Wrestler,November 1984,1984-11-01,2026-04-26,,1980s/1984/The Wrestler
The Wrestler - 1984 - October.pdf,The Wrestler,October 1984,1984-10-01,2026-04-26,,1980s/1984/The Wrestler
Wrestling All Stars - 1984 - February.pdf,Wrestling All Stars,February 1984,1984-02-01,2026-04-26,,1980s/1984/Wrestling All Stars
Wrestling Revue - 1984 - July.pdf,Wrestling Revue,July 1984,1984-07-01,2026-04-26,,1980s/1984/Wrestling Revue
Wrestling Revue - 1984 - September.pdf,Wrestling Revue,September 1984,1984-09-01,2026-04-26,,1980s/1984/Wrestling Revue
Wrestling World - 1984 - April.pdf,Wrestling World,April 1984,1984-04-01,2026-04-26,,1980s/1984/Wrestling World
Wrestling's Main Event - 1984 - February.pdf,Wrestling's Main Event,February 1984,1984-02-01,2026-04-26,,1980s/1984/Wrestling's Main Event
Wrestling's Main Event - 1984 - January.pdf,Wrestling's Main Event,January 1984,1984-01-01,2026-04-26,,1980s/1984/Wrestling's Main Event
Wrestling's Main Event - 1984 - July.pdf,Wrestling's Main Event,July 1984,1984-07-01,2026-04-26,,1980s/1984/Wrestling's Main Event
Wrestling's Main Event - 1984 - November.pdf,Wrestling's Main Event,November 1984,1984-11-01,2026-04-26,,1980s/1984/Wrestling's Main Event
"1986-03, PWI - 1985 - Annual.pdf","1986-03, PWI",Annual 1985,1985 (Annual),2026-04-26,,"1980s/1985/1986-03, PWI"
Inside Wrestling - 1985 - December.pdf,Inside Wrestling,December 1985,1985-12-01,2026-04-26,,1980s/1985/Inside Wrestling
Inside Wrestling - 1985 - May.pdf,Inside Wrestling,May 1985,1985-05-01,2026-04-26,,1980s/1985/Inside Wrestling
Inside Wrestling - 1985 - November.pdf,Inside Wrestling,November 1985,1985-11-01,2026-04-26,,1980s/1985/Inside Wrestling
Pro Wrestling Illustrated - 1985 - July.pdf,Pro Wrestling Illustrated,July 1985,1985-07-01,2026-04-26,,1980s/1985/Pro Wrestling Illustrated
Pro Wrestling Illustrated - 1985 - March.pdf,Pro Wrestling Illustrated,March 1985,1985-03-01,2026-04-26,,1980s/1985/Pro Wrestling Illustrated
Pro Wrestling Illustrated - 1985 - November.pdf,Pro Wrestling Illustrated,November 1985,1985-11-01,2026-04-26,,1980s/1985/Pro Wrestling Illustrated
Ringside Wrestling - 1985 - January.pdf,Ringside Wrestling,January 1985,1985-01-01,2026-04-26,,1980s/1985/Ringside Wrestling
Ringside Wrestling - 1985 - March.pdf,Ringside Wrestling,March 1985,1985-03-01,2026-04-26,,1980s/1985/Ringside Wrestling
Sports Illustrated - 1985 - April.pdf,Sports Illustrated,April 1985,1985-04-01,2026-04-26,,1980s/1985/Sports Illustrated
Sports Review Wrestling - 1985 - December.pdf,Sports Review Wrestling,December 1985,1985-12-01,2026-04-26,,1980s/1985/Sports Review Wrestling
Sports Review Wrestling - 1985 - February.pdf,Sports Review Wrestling,February 1985,1985-02-01,2026-04-26,,1980s/1985/Sports Review Wrestling
Sports Review Wrestling - 1985 - July.pdf,Sports Review Wrestling,July 1985,1985-07-01,2026-04-26,,1980s/1985/Sports Review Wrestling
Sports Review Wrestling - 1985 - March.pdf,Sports Review Wrestling,March 1985,1985-03-01,2026-04-26,,1980s/1985/Sports Review Wrestling
Sports Review Wrestling - 1985 - May.pdf,Sports Review Wrestling,May 1985,1985-05-01,2026-04-26,,1980s/1985/Sports Review Wrestling
The Wrestler - 1985 - April.pdf,The Wrestler,April 1985,1985-04-01,2026-04-26,,1980s/1985/The Wrestler
The Wrestler - 1985 - August.pdf,The Wrestler,August 1985,1985-08-01,2026-04-26,,1980s/1985/The Wrestler
The Wrestler - 1985 - December.pdf,The Wrestler,December 1985,1985-12-01,2026-04-26,,1980s/1985/The Wrestler
The Wrestler - 1985 - February.pdf,The Wrestler,February 1985,1985-02-01,2026-04-26,,1980s/1985/The Wrestler
The Wrestler - 1985 - January.pdf,The Wrestler,January 1985,1985-01-01,2026-04-26,,1980s/1985/The Wrestler
The Wrestler - 1985 - July.pdf,The Wrestler,July 1985,1985-07-01,2026-04-26,,1980s/1985/The Wrestler
The Wrestler - 1985 - June.pdf,The Wrestler,June 1985,1985-06-01,2026-04-26,,1980s/1985/The Wrestler
The Wrestler - 1985 - March.pdf,The Wrestler,March 1985,1985-03-01,2026-04-26,,1980s/1985/The Wrestler
The Wrestler - 1985 - November.pdf,The Wrestler,November 1985,1985-11-01,2026-04-26,,1980s/1985/The Wrestler
The Wrestler - 1985 - October.pdf,The Wrestler,October 1985,1985-10-01,2026-04-26,,1980s/1985/The Wrestler
The Wrestler - 1985 - September.pdf,The Wrestler,September 1985,1985-09-01,2026-04-26,,1980s/1985/The Wrestler
WWF Magazine - 1985 - August.pdf,WWF Magazine,August 1985,1985-08-01,2026-04-26,,1980s/1985/WWF Magazine
Wrestling All Stars - 1985 - July.pdf,Wrestling All Stars,July 1985,1985-07-01,2026-04-26,,1980s/1985/Wrestling All Stars
Wrestling All Stars - 1985 - June.pdf,Wrestling All Stars,June 1985,1985-06-01,2026-04-26,,1980s/1985/Wrestling All Stars
Wrestling All Stars - 1985 - October.pdf,Wrestling All Stars,October 1985,1985-10-01,2026-04-26,,1980s/1985/Wrestling All Stars
Wrestling All Stars Vol. 01 - 1985 - Annual.pdf,Wrestling All Stars Vol. 01,Annual 1985,1985 (Annual),2026-04-26,,1980s/1985/Wrestling All Stars Vol. 01
Wrestling Eye - 1985 - November.pdf,Wrestling Eye,November 1985,1985-11-01,2026-04-26,,1980s/1985/Wrestling Eye
Wrestling Scene - 1985 - April.pdf,Wrestling Scene,April 1985,1985-04-01,2026-04-26,,1980s/1985/Wrestling Scene
Wrestling's Main Event - 1985 - April.pdf,Wrestling's Main Event,April 1985,1985-04-01,2026-04-26,,1980s/1985/Wrestling's Main Event
Wrestling's Main Event - 1985 - August.pdf,Wrestling's Main Event,August 1985,1985-08-01,2026-04-26,,1980s/1985/Wrestling's Main Event
Wrestling's Main Event - 1985 - January.pdf,Wrestling's Main Event,January 1985,1985-01-01,2026-04-26,,1980s/1985/Wrestling's Main Event
Wrestling's Main Event - 1985 - July.pdf,Wrestling's Main Event,July 1985,1985-07-01,2026-04-26,,1980s/1985/Wrestling's Main Event
Wrestling's Main Event - 1985 - June.pdf,Wrestling's Main Event,June 1985,1985-06-01,2026-04-26,,1980s/1985/Wrestling's Main Event
Wrestling's Main Event - 1985 - May.pdf,Wrestling's Main Event,May 1985,1985-05-01,2026-04-26,,1980s/1985/Wrestling's Main Event
Wrestling's Main Event - 1985 - November.pdf,Wrestling's Main Event,November 1985,1985-11-01,2026-04-26,,1980s/1985/Wrestling's Main Event
Wrestling's Main Event - 1985 - October.pdf,Wrestling's Main Event,October 1985,1985-10-01,2026-04-26,,1980s/1985/Wrestling's Main Event
Championship Wrestling - 1986 - August.pdf,Championship Wrestling,August 1986,1986-08-01,2026-04-26,,1980s/1986/Championship Wrestling
Championship Wrestling - 1986 - February.pdf,Championship Wrestling,February 1986,1986-02-01,2026-04-26,,1980s/1986/Championship Wrestling
Championship Wrestling - 1986 - May.pdf,Championship Wrestling,May 1986,1986-05-01,2026-04-26,,1980s/1986/Championship Wrestling
Championship Wrestling - 1986 - November.pdf,Championship Wrestling,November 1986,1986-11-01,2026-04-26,,1980s/1986/Championship Wrestling
Inside Wrestling - 1986 - April.pdf,Inside Wrestling,April 1986,1986-04-01,2026-04-26,,1980s/1986/Inside Wrestling
Inside Wrestling - 1986 - December.pdf,Inside Wrestling,December 1986,1986-12-01,2026-04-26,,1980s/1986/Inside Wrestling
Inside Wrestling - 1986 - February.pdf,Inside Wrestling,February 1986,1986-02-01,2026-04-26,,1980s/1986/Inside Wrestling
Inside Wrestling - 1986 - January.pdf,Inside Wrestling,January 1986,1986-01-01,2026-04-26,,1980s/1986/Inside Wrestling
Inside Wrestling - 1986 - July.pdf,Inside Wrestling,July 1986,1986-07-01,2026-04-26,,1980s/1986/Inside Wrestling
Inside Wrestling - 1986 - May.pdf,Inside Wrestling,May 1986,1986-05-01,2026-04-26,,1980s/1986/Inside Wrestling
Inside Wrestling - 1986 - November.pdf,Inside Wrestling,November 1986,1986-11-01,2026-04-26,,1980s/1986/Inside Wrestling
Inside Wrestling - 1986 - October.pdf,Inside Wrestling,October 1986,1986-10-01,2026-04-26,,1980s/1986/Inside Wrestling
Pro Wrestling Illustrated - 1986 - February.pdf,Pro Wrestling Illustrated,February 1986,1986-02-01,2026-04-26,,1980s/1986/Pro Wrestling Illustrated
Pro Wrestling Illustrated - 1986 - July.pdf,Pro Wrestling Illustrated,July 1986,1986-07-01,2026-04-26,,1980s/1986/Pro Wrestling Illustrated
Pro Wrestling Illustrated - 1986 - March.pdf,Pro Wrestling Illustrated,March 1986,1986-03-01,2026-04-26,,1980s/1986/Pro Wrestling Illustrated
Pro Wrestling Illustrated - 1986 - May.pdf,Pro Wrestling Illustrated,May 1986,1986-05-01,2026-04-26,,1980s/1986/Pro Wrestling Illustrated
Ringside Wrestling - 1986 - March.pdf,Ringside Wrestling,March 1986,1986-03-01,2026-04-26,,1980s/1986/Ringside Wrestling
Sports Review Wrestling - 1986 - April.pdf,Sports Review Wrestling,April 1986,1986-04-01,2026-04-26,,1980s/1986/Sports Review Wrestling
Sports Review Wrestling - 1986 - August.pdf,Sports Review Wrestling,August 1986,1986-08-01,2026-04-26,,1980s/1986/Sports Review Wrestling
Sports Review Wrestling - 1986 - February.pdf,Sports Review Wrestling,February 1986,1986-02-01,2026-04-26,,1980s/1986/Sports Review Wrestling
Sports Review Wrestling - 1986 - January.pdf,Sports Review Wrestling,January 1986,1986-01-01,2026-04-26,,1980s/1986/Sports Review Wrestling
Sports Review Wrestling - 1986 - July.pdf,Sports Review Wrestling,July 1986,1986-07-01,2026-04-26,,1980s/1986/Sports Review Wrestling
Sports Review Wrestling - 1986 - June.pdf,Sports Review Wrestling,June 1986,1986-06-01,2026-04-26,,1980s/1986/Sports Review Wrestling
Sports Review Wrestling - 1986 - May.pdf,Sports Review Wrestling,May 1986,1986-05-01,2026-04-26,,1980s/1986/Sports Review Wrestling
Sports Review Wrestling - 1986 - September.pdf,Sports Review Wrestling,September 1986,1986-09-01,2026-04-26,,1980s/1986/Sports Review Wrestling
The Wrestler - 1986 - August.pdf,The Wrestler,August 1986,1986-08-01,2026-04-26,,1980s/1986/The Wrestler
The Wrestler - 1986 - December.pdf,The Wrestler,December 1986,1986-12-01,2026-04-26,,1980s/1986/The Wrestler
The Wrestler - 1986 - January.pdf,The Wrestler,January 1986,1986-01-01,2026-04-26,,1980s/1986/The Wrestler
The Wrestler - 1986 - July.pdf,The Wrestler,July 1986,1986-07-01,2026-04-26,,1980s/1986/The Wrestler
The Wrestler - 1986 - June.pdf,The Wrestler,June 1986,1986-06-01,2026-04-26,,1980s/1986/The Wrestler
The Wrestler - 1986 - May.pdf,The Wrestler,May 1986,1986-05-01,2026-04-26,,1980s/1986/The Wrestler
The Wrestler - 1986 - November.pdf,The Wrestler,November 1986,1986-11-01,2026-04-26,,1980s/1986/The Wrestler
The Wrestler - 1986 - October.pdf,The Wrestler,October 1986,1986-10-01,2026-04-26,,1980s/1986/The Wrestler
The Wrestler - 1986 - September.pdf,The Wrestler,September 1986,1986-09-01,2026-04-26,,1980s/1986/The Wrestler
WWF Magazine - 1986 - August.pdf,WWF Magazine,August 1986,1986-08-01,2026-04-26,,1980s/1986/WWF Magazine
WWF Magazine - 1986 - December.pdf,WWF Magazine,December 1986,1986-12-01,2026-04-26,,1980s/1986/WWF Magazine
Wrestling - 1986 - Fall.pdf,Wrestling,Fall 1986,1986 (Fall),2026-04-26,,1980s/1986/Wrestling
Wrestling All Stars - 1986 - July.pdf,Wrestling All Stars,July 1986,1986-07-01,2026-04-26,,1980s/1986/Wrestling All Stars
Wrestling Eye - 1986 - August.pdf,Wrestling Eye,August 1986,1986-08-01,2026-04-26,,1980s/1986/Wrestling Eye
Wrestling Eye - 1986 - February.pdf,Wrestling Eye,February 1986,1986-02-01,2026-04-26,,1980s/1986/Wrestling Eye
Wrestling Eye - 1986 - June.pdf,Wrestling Eye,June 1986,1986-06-01,2026-04-26,,1980s/1986/Wrestling Eye
Wrestling Eye - 1986 - March.pdf,Wrestling Eye,March 1986,1986-03-01,2026-04-26,,1980s/1986/Wrestling Eye
Wrestling Eye - 1986 - May.pdf,Wrestling Eye,May 1986,1986-05-01,2026-04-26,,1980s/1986/Wrestling Eye
Wrestling Eye - 1986 - November.pdf,Wrestling Eye,November 1986,1986-11-01,2026-04-26,,1980s/1986/Wrestling Eye
Wrestling Power - 1986 - September.pdf,Wrestling Power,September 1986,1986-09-01,2026-04-26,,1980s/1986/Wrestling Power
Wrestling Ringside - 1986 - May.pdf,Wrestling Ringside,May 1986,1986-05-01,2026-04-26,,1980s/1986/Wrestling Ringside
Wrestling Scene - 1986 - May.pdf,Wrestling Scene,May 1986,1986-05-01,2026-04-26,,1980s/1986/Wrestling Scene
Wrestling World - 1986 - April.pdf,Wrestling World,April 1986,1986-04-01,2026-04-26,,1980s/1986/Wrestling World
Wrestling World - 1986 - August.pdf,Wrestling World,August 1986,1986-08-01,2026-04-26,,1980s/1986/Wrestling World
Wrestling World - 1986 - December.pdf,Wrestling World,December 1986,1986-12-01,2026-04-26,,1980s/1986/Wrestling World
Wrestling World - 1986 - February.pdf,Wrestling World,February 1986,1986-02-01,2026-04-26,,1980s/1986/Wrestling World
Wrestling World - 1986 - June.pdf,Wrestling World,June 1986,1986-06-01,2026-04-26,,1980s/1986/Wrestling World
Wrestling World - 1986 - October.pdf,Wrestling World,October 1986,1986-10-01,2026-04-26,,1980s/1986/Wrestling World
Wrestling's Main Event - 1986 - August.pdf,Wrestling's Main Event,August 1986,1986-08-01,2026-04-26,,1980s/1986/Wrestling's Main Event
Wrestling's Main Event - 1986 - December.pdf,Wrestling's Main Event,December 1986,1986-12-01,2026-04-26,,1980s/1986/Wrestling's Main Event
Wrestling's Main Event - 1986 - February.pdf,Wrestling's Main Event,February 1986,1986-02-01,2026-04-26,,1980s/1986/Wrestling's Main Event
Wrestling's Main Event - 1986 - January.pdf,Wrestling's Main Event,January 1986,1986-01-01,2026-04-26,,1980s/1986/Wrestling's Main Event
Wrestling's Main Event - 1986 - July.pdf,Wrestling's Main Event,July 1986,1986-07-01,2026-04-26,,1980s/1986/Wrestling's Main Event
Wrestling's Main Event - 1986 - June.pdf,Wrestling's Main Event,June 1986,1986-06-01,2026-04-26,,1980s/1986/Wrestling's Main Event
Wrestling's Main Event - 1986 - November.pdf,Wrestling's Main Event,November 1986,1986-11-01,2026-04-26,,1980s/1986/Wrestling's Main Event
Wrestling's Main Event - 1986 - October.pdf,Wrestling's Main Event,October 1986,1986-10-01,2026-04-26,,1980s/1986/Wrestling's Main Event
Wrestling's Main Event - 1986 - September.pdf,Wrestling's Main Event,September 1986,1986-09-01,2026-04-26,,1980s/1986/Wrestling's Main Event
Championship Wrestling - 1987 - May.pdf,Championship Wrestling,May 1987,1987-05-01,2026-04-26,,1980s/1987/Championship Wrestling
Inside Wrestling - 1987 - April.pdf,Inside Wrestling,April 1987,1987-04-01,2026-04-26,,1980s/1987/Inside Wrestling
Inside Wrestling - 1987 - August.pdf,Inside Wrestling,August 1987,1987-08-01,2026-04-26,,1980s/1987/Inside Wrestling
Inside Wrestling - 1987 - December.pdf,Inside Wrestling,December 1987,1987-12-01,2026-04-26,,1980s/1987/Inside Wrestling
Inside Wrestling - 1987 - February.pdf,Inside Wrestling,February 1987,1987-02-01,2026-04-26,,1980s/1987/Inside Wrestling
Inside Wrestling - 1987 - July.pdf,Inside Wrestling,July 1987,1987-07-01,2026-04-26,,1980s/1987/Inside Wrestling
Inside Wrestling - 1987 - June.pdf,Inside Wrestling,June 1987,1987-06-01,2026-04-26,,1980s/1987/Inside Wrestling
Inside Wrestling - 1987 - March.pdf,Inside Wrestling,March 1987,1987-03-01,2026-04-26,,1980s/1987/Inside Wrestling
Inside Wrestling - 1987 - May.pdf,Inside Wrestling,May 1987,1987-05-01,2026-04-26,,1980s/1987/Inside Wrestling
Inside Wrestling - 1987 - September.pdf,Inside Wrestling,September 1987,1987-09-01,2026-04-26,,1980s/1987/Inside Wrestling
Sports Review Wrestling - 1987 - January.pdf,Sports Review Wrestling,January 1987,1987-01-01,2026-04-26,,1980s/1987/Sports Review Wrestling
Sports Review Wrestling - 1987 - March.pdf,Sports Review Wrestling,March 1987,1987-03-01,2026-04-26,,1980s/1987/Sports Review Wrestling
WWF Magazine - 1987 - April-May (1).pdf,WWF Magazine,April-May 1987,1987 (April-May),2026-04-26,,1980s/1987/WWF Magazine
WWF Magazine - 1987 - April-May.pdf,WWF Magazine,April-May 1987,1987 (April-May),2026-04-26,,1980s/1987/WWF Magazine
WWF Magazine - 1987 - April.pdf,WWF Magazine,April 1987,1987-04-01,2026-04-26,,1980s/1987/WWF Magazine
WWF Magazine - 1987 - February.pdf,WWF Magazine,February 1987,1987-02-01,2026-04-26,,1980s/1987/WWF Magazine
WWF Magazine - 1987 - June.pdf,WWF Magazine,June 1987,1987-06-01,2026-04-26,,1980s/1987/WWF Magazine
Wrestling All Stars - 1987 - February.pdf,Wrestling All Stars,February 1987,1987-02-01,2026-04-26,,1980s/1987/Wrestling All Stars
Wrestling Eye - 1987 - April.pdf,Wrestling Eye,April 1987,1987-04-01,2026-04-26,,1980s/1987/Wrestling Eye
Wrestling Eye - 1987 - December.pdf,Wrestling Eye,December 1987,1987-12-01,2026-04-26,,1980s/1987/Wrestling Eye
Wrestling Eye - 1987 - February.pdf,Wrestling Eye,February 1987,1987-02-01,2026-04-26,,1980s/1987/Wrestling Eye
Wrestling Eye - 1987 - May.pdf,Wrestling Eye,May 1987,1987-05-01,2026-04-26,,1980s/1987/Wrestling Eye
Wrestling Fury - 1987 - April.pdf,Wrestling Fury,April 1987,1987-04-01,2026-04-26,,1980s/1987/Wrestling Fury
Wrestling Fury - 1987 - June.pdf,Wrestling Fury,June 1987,1987-06-01,2026-04-26,,1980s/1987/Wrestling Fury
Wrestling Fury - 1987 - October.pdf,Wrestling Fury,October 1987,1987-10-01,2026-04-26,,1980s/1987/Wrestling Fury
Wrestling Power - 1987 - July.pdf,Wrestling Power,July 1987,1987-07-01,2026-04-26,,1980s/1987/Wrestling Power
Wrestling Power - 1987 - March.pdf,Wrestling Power,March 1987,1987-03-01,2026-04-26,,1980s/1987/Wrestling Power
Wrestling Power - 1987 - November.pdf,Wrestling Power,November 1987,1987-11-01,2026-04-26,,1980s/1987/Wrestling Power
Wrestling Ringside - 1987 - March.pdf,Wrestling Ringside,March 1987,1987-03-01,2026-04-26,,1980s/1987/Wrestling Ringside
Wrestling Scene - 1987 - February.pdf,Wrestling Scene,February 1987,1987-02-01,2026-04-26,,1980s/1987/Wrestling Scene
Wrestling Scene - 1987 - June.pdf,Wrestling Scene,June 1987,1987-06-01,2026-04-26,,1980s/1987/Wrestling Scene
Wrestling Superstars - 1987 - Fall.pdf,Wrestling Superstars,Fall 1987,1987 (Fall),2026-04-26,,1980s/1987/Wrestling Superstars
Wrestling's Main Event - 1987 - April.pdf,Wrestling's Main Event,April 1987,1987-04-01,2026-04-26,,1980s/1987/Wrestling's Main Event
Wrestling's Main Event - 1987 - August.pdf,Wrestling's Main Event,August 1987,1987-08-01,2026-04-26,,1980s/1987/Wrestling's Main Event
Wrestling's Main Event - 1987 - December.pdf,Wrestling's Main Event,December 1987,1987-12-01,2026-04-26,,1980s/1987/Wrestling's Main Event
Wrestling's Main Event - 1987 - February.pdf,Wrestling's Main Event,February 1987,1987-02-01,2026-04-26,,1980s/1987/Wrestling's Main Event
Wrestling's Main Event - 1987 - January.pdf,Wrestling's Main Event,January 1987,1987-01-01,2026-04-26,,1980s/1987/Wrestling's Main Event
Wrestling's Main Event - 1987 - July.pdf,Wrestling's Main Event,July 1987,1987-07-01,2026-04-26,,1980s/1987/Wrestling's Main Event
Wrestling's Main Event - 1987 - June.pdf,Wrestling's Main Event,June 1987,1987-06-01,2026-04-26,,1980s/1987/Wrestling's Main Event
Wrestling's Main Event - 1987 - March.pdf,Wrestling's Main Event,March 1987,1987-03-01,2026-04-26,,1980s/1987/Wrestling's Main Event
Wrestling's Main Event - 1987 - November.pdf,Wrestling's Main Event,November 1987,1987-11-01,2026-04-26,,1980s/1987/Wrestling's Main Event
Wrestling's Main Event - 1987 - October.pdf,Wrestling's Main Event,October 1987,1987-10-01,2026-04-26,,1980s/1987/Wrestling's Main Event
"1989-03, PWI - 1988 - Annual.pdf","1989-03, PWI",Annual 1988,1988 (Annual),2026-04-26,,"1980s/1988/1989-03, PWI"
GLOW - 1988 - January.pdf,GLOW,January 1988,1988-01-01,2026-04-26,,1980s/1988/GLOW
GLOW - 1988 - March.pdf,GLOW,March 1988,1988-03-01,2026-04-26,,1980s/1988/GLOW
GLOW - 1988 - May.pdf,GLOW,May 1988,1988-05-01,2026-04-26,,1980s/1988/GLOW
GLOW - 1988 - September.pdf,GLOW,September 1988,1988-09-01,2026-04-26,,1980s/1988/GLOW
Glow - 1988 - April.pdf,Glow,April 1988,1988-04-01,2026-04-26,,1980s/1988/GLOW
Glow - 1988 - July.pdf,Glow,July 1988,1988-07-01,2026-04-26,,1980s/1988/GLOW
Inside Wrestling - 1988 - April.pdf,Inside Wrestling,April 1988,1988-04-01,2026-04-26,,1980s/1988/Inside Wrestling
Inside Wrestling - 1988 - August.pdf,Inside Wrestling,August 1988,1988-08-01,2026-04-26,,1980s/1988/Inside Wrestling
Inside Wrestling - 1988 - December.pdf,Inside Wrestling,December 1988,1988-12-01,2026-04-26,,1980s/1988/Inside Wrestling
Inside Wrestling - 1988 - February.pdf,Inside Wrestling,February 1988,1988-02-01,2026-04-26,,1980s/1988/Inside Wrestling
Inside Wrestling - 1988 - January.pdf,Inside Wrestling,January 1988,1988-01-01,2026-04-26,,1980s/1988/Inside Wrestling
Inside Wrestling - 1988 - June.pdf,Inside Wrestling,June 1988,1988-06-01,2026-04-26,,1980s/1988/Inside Wrestling
Inside Wrestling - 1988 - March.pdf,Inside Wrestling,March 1988,1988-03-01,2026-04-26,,1980s/1988/Inside Wrestling
Inside Wrestling - 1988 - May.pdf,Inside Wrestling,May 1988,1988-05-01,2026-04-26,,1980s/1988/Inside Wrestling
Inside Wrestling - 1988 - November.pdf,Inside Wrestling,November 1988,1988-11-01,2026-04-26,,1980s/1988/Inside Wrestling
Inside Wrestling - 1988 - October.pdf,Inside Wrestling,October 1988,1988-10-01,2026-04-26,,1980s/1988/Inside Wrestling
Inside Wrestling - 1988 - September.pdf,Inside Wrestling,September 1988,1988-09-01,2026-04-26,,1980s/1988/Inside Wrestling
Pro Wrestling Illustrated - 1988 - December.pdf,Pro Wrestling Illustrated,December 1988,1988-12-01,2026-04-26,,1980s/1988/Pro Wrestling Illustrated
Sports Review Wrestling - 1988 - April.pdf,Sports Review Wrestling,April 1988,1988-04-01,2026-04-26,,1980s/1988/Sports Review Wrestling
Sports Review Wrestling - 1988 - August.pdf,Sports Review Wrestling,August 1988,1988-08-01,2026-04-26,,1980s/1988/Sports Review Wrestling
Sports Review Wrestling - 1988 - December.pdf,Sports Review Wrestling,December 1988,1988-12-01,2026-04-26,,1980s/1988/Sports Review Wrestling
Sports Review Wrestling - 1988 - February.pdf,Sports Review Wrestling,February 1988,1988-02-01,2026-04-26,,1980s/1988/Sports Review Wrestling
Sports Review Wrestling - 1988 - January.pdf,Sports Review Wrestling,January 1988,1988-01-01,2026-04-26,,1980s/1988/Sports Review Wrestling
Sports Review Wrestling - 1988 - July.pdf,Sports Review Wrestling,July 1988,1988-07-01,2026-04-26,,1980s/1988/Sports Review Wrestling
Sports Review Wrestling - 1988 - June.pdf,Sports Review Wrestling,June 1988,1988-06-01,2026-04-26,,1980s/1988/Sports Review Wrestling
Sports Review Wrestling - 1988 - March.pdf,Sports Review Wrestling,March 1988,1988-03-01,2026-04-26,,1980s/1988/Sports Review Wrestling
Sports Review Wrestling - 1988 - May.pdf,Sports Review Wrestling,May 1988,1988-05-01,2026-04-26,,1980s/1988/Sports Review Wrestling
Sports Review Wrestling - 1988 - November.pdf,Sports Review Wrestling,November 1988,1988-11-01,2026-04-26,,1980s/1988/Sports Review Wrestling
Sports Review Wrestling - 1988 - October.pdf,Sports Review Wrestling,October 1988,1988-10-01,2026-04-26,,1980s/1988/Sports Review Wrestling
Sports Review Wrestling - 1988 - September.pdf,Sports Review Wrestling,September 1988,1988-09-01,2026-04-26,,1980s/1988/Sports Review Wrestling
The Wrestler - 1988 - April.pdf,The Wrestler,April 1988,1988-04-01,2026-04-26,,1980s/1988/The Wrestler
The Wrestler - 1988 - August.pdf,The Wrestler,August 1988,1988-08-01,2026-04-26,,1980s/1988/The Wrestler
The Wrestler - 1988 - December.pdf,The Wrestler,December 1988,1988-12-01,2026-04-26,,1980s/1988/The Wrestler
The Wrestler - 1988 - February.pdf,The Wrestler,February 1988,1988-02-01,2026-04-26,,1980s/1988/The Wrestler
The Wrestler - 1988 - January.pdf,The Wrestler,January 1988,1988-01-01,2026-04-26,,1980s/1988/The Wrestler
The Wrestler - 1988 - July.pdf,The Wrestler,July 1988,1988-07-01,2026-04-26,,1980s/1988/The Wrestler
The Wrestler - 1988 - June.pdf,The Wrestler,June 1988,1988-06-01,2026-04-26,,1980s/1988/The Wrestler
The Wrestler - 1988 - March.pdf,The Wrestler,March 1988,1988-03-01,2026-04-26,,1980s/1988/The Wrestler
The Wrestler - 1988 - May.pdf,The Wrestler,May 1988,1988-05-01,2026-04-26,,1980s/1988/The Wrestler
The Wrestler - 1988 - November.pdf,The Wrestler,November 1988,1988-11-01,2026-04-26,,1980s/1988/The Wrestler
The Wrestler - 1988 - September.pdf,The Wrestler,September 1988,1988-09-01,2026-04-26,,1980s/1988/The Wrestler
WWF Magazine - 1988 - February.pdf,WWF Magazine,February 1988,1988-02-01,2026-04-26,,1980s/1988/WWF Magazine
WWF Magazine - 1988 - March.pdf,WWF Magazine,March 1988,1988-03-01,2026-04-26,,1980s/1988/WWF Magazine
Wrestling All Stars - 1988 - June.pdf,Wrestling All Stars,June 1988,1988-06-01,2026-04-26,,1980s/1988/Wrestling All Stars
Wrestling Eye - 1988 - February.pdf,Wrestling Eye,February 1988,1988-02-01,2026-04-26,,1980s/1988/Wrestling Eye
Wrestling Eye - 1988 - July.pdf,Wrestling Eye,July 1988,1988-07-01,2026-04-26,,1980s/1988/Wrestling Eye
Wrestling Eye - 1988 - October.pdf,Wrestling Eye,October 1988,1988-10-01,2026-04-26,,1980s/1988/Wrestling Eye
Wrestling Eye - 1988 - September.pdf,Wrestling Eye,September 1988,1988-09-01,2026-04-26,,1980s/1988/Wrestling Eye
Wrestling Fury - 1988 - February.pdf,Wrestling Fury,February 1988,1988-02-01,2026-04-26,,1980s/1988/Wrestling Fury
Wrestling Fury - 1988 - June.pdf,Wrestling Fury,June 1988,1988-06-01,2026-04-26,,1980s/1988/Wrestling Fury
Wrestling Power - 1988 - December.pdf,Wrestling Power,December 1988,1988-12-01,2026-04-26,,1980s/1988/Wrestling Power
Wrestling Power - 1988 - June.pdf,Wrestling Power,June 1988,1988-06-01,2026-04-26,,1980s/1988/Wrestling Power
Wrestling Ringside - 1988 - July.pdf,Wrestling Ringside,July 1988,1988-07-01,2026-04-26,,1980s/1988/Wrestling Ringside
Wrestling Superstars - 1988 - Winter.pdf,Wrestling Superstars,Winter 1988,1988 (Winter),2026-04-26,,1980s/1988/Wrestling Superstars
Wrestling's Main Event - 1988 - April.pdf,Wrestling's Main Event,April 1988,1988-04-01,2026-04-26,,1980s/1988/Wrestling's Main Event
Wrestling's Main Event - 1988 - February.pdf,Wrestling's Main Event,February 1988,1988-02-01,2026-04-26,,1980s/1988/Wrestling's Main Event
Wrestling's Main Event - 1988 - October.pdf,Wrestling's Main Event,October 1988,1988-10-01,2026-04-26,,1980s/1988/Wrestling's Main Event
Wrestling88 - 1988 - Fall.pdf,Wrestling88,Fall 1988,1988 (Fall),2026-04-26,,1980s/1988/Wrestling88
Wrestling88 - 1988 - Spring.pdf,Wrestling88,Spring 1988,1988 (Spring),2026-04-26,,1980s/1988/Wrestling88
Championship Wrestling - 1989 - October.pdf,Championship Wrestling,October 1989,1989-10-01,2026-04-26,,1980s/1989/Championship Wrestling
Inside Wrestling - 1989 - April.pdf,Inside Wrestling,April 1989,1989-04-01,2026-04-26,,1980s/1989/Inside Wrestling
Inside Wrestling - 1989 - August.pdf,Inside Wrestling,August 1989,1989-08-01,2026-04-26,,1980s/1989/Inside Wrestling
Inside Wrestling - 1989 - February.pdf,Inside Wrestling,February 1989,1989-02-01,2026-04-26,,1980s/1989/Inside Wrestling
Inside Wrestling - 1989 - January.pdf,Inside Wrestling,January 1989,1989-01-01,2026-04-26,,1980s/1989/Inside Wrestling
Inside Wrestling - 1989 - July.pdf,Inside Wrestling,July 1989,1989-07-01,2026-04-26,,1980s/1989/Inside Wrestling
Inside Wrestling - 1989 - June.pdf,Inside Wrestling,June 1989,1989-06-01,2026-04-26,,1980s/1989/Inside Wrestling
Inside Wrestling - 1989 - March.pdf,Inside Wrestling,March 1989,1989-03-01,2026-04-26,,1980s/1989/Inside Wrestling
Inside Wrestling - 1989 - May.pdf,Inside Wrestling,May 1989,1989-05-01,2026-04-26,,1980s/1989/Inside Wrestling
Inside Wrestling - 1989 - November.pdf,Inside Wrestling,November 1989,1989-11-01,2026-04-26,,1980s/1989/Inside Wrestling
Inside Wrestling - 1989 - September.pdf,Inside Wrestling,September 1989,1989-09-01,2026-04-26,,1980s/1989/Inside Wrestling
Pro Wrestling Illustrated - 1989 - February.pdf,Pro Wrestling Illustrated,February 1989,1989-02-01,2026-04-26,,1980s/1989/Pro Wrestling Illustrated
Pro Wrestling Illustrated - 1989 - January.pdf,Pro Wrestling Illustrated,January 1989,1989-01-01,2026-04-26,,1980s/1989/Pro Wrestling Illustrated
Pro Wrestling Illustrated - 1989 - March.pdf,Pro Wrestling Illustrated,March 1989,1989-03-01,2026-04-26,,1980s/1989/Pro Wrestling Illustrated
Sports Review Wrestling - 1989 - April.pdf,Sports Review Wrestling,April 1989,1989-04-01,2026-04-26,,1980s/1989/Sports Review Wrestling
Sports Review Wrestling - 1989 - December.pdf,Sports Review Wrestling,December 1989,1989-12-01,2026-04-26,,1980s/1989/Sports Review Wrestling
Sports Review Wrestling - 1989 - February.pdf,Sports Review Wrestling,February 1989,1989-02-01,2026-04-26,,1980s/1989/Sports Review Wrestling
Sports Review Wrestling - 1989 - January.pdf,Sports Review Wrestling,January 1989,1989-01-01,2026-04-26,,1980s/1989/Sports Review Wrestling
Sports Review Wrestling - 1989 - June.pdf,Sports Review Wrestling,June 1989,1989-06-01,2026-04-26,,1980s/1989/Sports Review Wrestling
Sports Review Wrestling - 1989 - March.pdf,Sports Review Wrestling,March 1989,1989-03-01,2026-04-26,,1980s/1989/Sports Review Wrestling
Sports Review Wrestling - 1989 - October.pdf,Sports Review Wrestling,October 1989,1989-10-01,2026-04-26,,1980s/1989/Sports Review Wrestling
The Wrestler - 1989 - April.pdf,The Wrestler,April 1989,1989-04-01,2026-04-26,,1980s/1989/The Wrestler
The Wrestler - 1989 - December.pdf,The Wrestler,December 1989,1989-12-01,2026-04-26,,1980s/1989/The Wrestler
The Wrestler - 1989 - February.pdf,The Wrestler,February 1989,1989-02-01,2026-04-26,,1980s/1989/The Wrestler
The Wrestler - 1989 - January.pdf,The Wrestler,January 1989,1989-01-01,2026-04-26,,1980s/1989/The Wrestler
The Wrestler - 1989 - July.pdf,The Wrestler,July 1989,1989-07-01,2026-04-26,,1980s/1989/The Wrestler
The Wrestler - 1989 - June.pdf,The Wrestler,June 1989,1989-06-01,2026-04-26,,1980s/1989/The Wrestler
The Wrestler - 1989 - March.pdf,The Wrestler,March 1989,1989-03-01,2026-04-26,,1980s/1989/The Wrestler
The Wrestler - 1989 - May.pdf,The Wrestler,May 1989,1989-05-01,2026-04-26,,1980s/1989/The Wrestler
The Wrestler - 1989 - November.pdf,The Wrestler,November 1989,1989-11-01,2026-04-26,,1980s/1989/The Wrestler
The Wrestler - 1989 - September.pdf,The Wrestler,September 1989,1989-09-01,2026-04-26,,1980s/1989/The Wrestler
WCW Magazine - 1989 - April.pdf,WCW Magazine,April 1989,1989-04-01,2026-04-26,,1980s/1989/WCW Magazine
WCW Magazine - 1989 - August.pdf,WCW Magazine,August 1989,1989-08-01,2026-04-26,,1980s/1989/WCW Magazine
WCW Magazine - 1989 - December.pdf,WCW Magazine,December 1989,1989-12-01,2026-04-26,,1980s/1989/WCW Magazine
WCW Magazine - 1989 - July.pdf,WCW Magazine,July 1989,1989-07-01,2026-04-26,,1980s/1989/WCW Magazine
WCW Magazine - 1989 - June.pdf,WCW Magazine,June 1989,1989-06-01,2026-04-26,,1980s/1989/WCW Magazine
WCW Magazine - 1989 - November.pdf,WCW Magazine,November 1989,1989-11-01,2026-04-26,,1980s/1989/WCW Magazine
WCW Magazine - 1989 - September.pdf,WCW Magazine,September 1989,1989-09-01,2026-04-26,,1980s/1989/WCW Magazine
WWF Magazine - 1989 - December.pdf,WWF Magazine,December 1989,1989-12-01,2026-04-26,,1980s/1989/WWF Magazine
Wrestling Eye - 1989 - August.pdf,Wrestling Eye,August 1989,1989-08-01,2026-04-26,,1980s/1989/Wrestling Eye
Wrestling Eye - 1989 - June.pdf,Wrestling Eye,June 1989,1989-06-01,2026-04-26,,1980s/1989/Wrestling Eye
Wrestling Eye - 1989 - May.pdf,Wrestling Eye,May 1989,1989-05-01,2026-04-26,,1980s/1989/Wrestling Eye
Wrestling Eye Presents Women of Wrestling - 1989 - Annual.pdf,Wrestling Eye Presents Women of Wrestling,Annual 1989,1989 (Annual),2026-04-26,,1980s/1989/Wrestling Eye Presents Women of Wrestling
Wrestling Fury - 1989 - February.pdf,Wrestling Fury,February 1989,1989-02-01,2026-04-26,,1980s/1989/Wrestling Fury
Wrestling Fury - 1989 - October.pdf,Wrestling Fury,October 1989,1989-10-01,2026-04-26,,1980s/1989/Wrestling Fury
Wrestling Scene - 1989 - June.pdf,Wrestling Scene,June 1989,1989-06-01,2026-04-26,,1980s/1989/Wrestling Scene
Wrestling Superstars - 1989 - October.pdf,Wrestling Superstars,October 1989,1989-10-01,2026-04-26,,1980s/1989/Wrestling Superstars
Wrestling World - 1989 - March.pdf,Wrestling World,March 1989,1989-03-01,2026-04-26,,1980s/1989/Wrestling World
Wrestling's Main Event - 1989 - July.pdf,Wrestling's Main Event,July 1989,1989-07-01,2026-04-26,,1980s/1989/Wrestling's Main Event
Wrestling's Main Event - 1989 - March.pdf,Wrestling's Main Event,March 1989,1989-03-01,2026-04-26,,1980s/1989/Wrestling's Main Event
Wrestling's Main Event - 1989 - May.pdf,Wrestling's Main Event,May 1989,1989-05-01,2026-04-26,,1980s/1989/Wrestling's Main Event
Wrestling's Main Event - 1989 - September.pdf,Wrestling's Main Event,September 1989,1989-09-01,2026-04-26,,1980s/1989/Wrestling's Main Event
Wrestling89 - 1989 - Summer.pdf,Wrestling89,Summer 1989,1989 (Summer),2026-04-26,,1980s/1989/Wrestling89
ICW POFFO NEWSPAPER SCRAPBOOK.pdf,,ICW POFFO NEWSPAPER SCRAPBOOK,,2026-04-26,,1980s
WON Who_s Who In Pro Wrestling (1986).pdf,,WON Who_s Who In Pro Wrestling (1986),,2026-04-26,,1980s
Wrestling 1986 Spr.pdf,,Wrestling 1986 Spr,,2026-04-26,,1980s
Wrestling 1986 Sum.pdf,,Wrestling 1986 Sum,,2026-04-26,,1980s
Wrestling 1986 Win.pdf,,Wrestling 1986 Win,,2026-04-26,,1980s
Wrestling SuperStars Spr 1980.pdf,,Wrestling SuperStars Spr 1980,,2026-04-26,,1980s
Wrestling Superstars Fall 1980.pdf,,Wrestling Superstars Fall 1980,,2026-04-26,,1980s
Wrestling Superstars Fall 1982.pdf,,Wrestling Superstars Fall 1982,,2026-04-26,,1980s
Wrestling Superstars Fall 1983.pdf,,Wrestling Superstars Fall 1983,,2026-04-26,,1980s
Wrestling Superstars Spr 1983.pdf,,Wrestling Superstars Spr 1983,,2026-04-26,,1980s
Wrestling Superstars Sum 1983.pdf,,Wrestling Superstars Sum 1983,,2026-04-26,,1980s
Wrestling Superstars Win 1980.pdf,,Wrestling Superstars Win 1980,,2026-04-26,,1980s
Wrestling Superstars Win 1982.pdf,,Wrestling Superstars Win 1982,,2026-04-26,,1980s
Wrestling Superstars Win 1983.pdf,,Wrestling Superstars Win 1983,,2026-04-26,,1980s
Wrestling Today Oct 1980.pdf,,Wrestling Today Oct 1980,,2026-04-26,,1980s
Inside Wrestling - 1990 - April.pdf,Inside Wrestling,April 1990,1990-04-01,2026-04-26,,1990s/1990/Inside Wrestling
Sports Review Wrestling - 1990 - March.pdf,Sports Review Wrestling,March 1990,1990-03-01,2026-04-26,,1990s/1990/Sports Review Wrestling
Pro Wrestling Illustrated - 1991 - March.pdf,Pro Wrestling Illustrated,March 1991,1991-03-01,2026-04-26,,1990s/1991/Pro Wrestling Illustrated
Pro Wrestling Illustrated - 1993 - August.pdf,Pro Wrestling Illustrated,August 1993,1993-08-01,2026-04-26,,1990s/1993/Pro Wrestling Illustrated
Pro Wrestling Illustrated - 1994 - December.pdf,Pro Wrestling Illustrated,December 1994,1994-12-01,2026-04-26,,1990s/1994/Pro Wrestling Illustrated
Pro Wrestling Illustrated - 1994 - March.pdf,Pro Wrestling Illustrated,March 1994,1994-03-01,2026-04-26,,1990s/1994/Pro Wrestling Illustrated
Pro Wrestling Illustrated - 1996 - September.pdf,Pro Wrestling Illustrated,September 1996,1996-09-01,2026-04-26,,1990s/1996/Pro Wrestling Illustrated
Pro Wrestling Illustrated - 1996 - Winter.pdf,Pro Wrestling Illustrated,Winter 1996,1996 (Winter),2026-04-26,,1990s/1996/Pro Wrestling Illustrated
1996-07-12 ECW Program.pdf,,1996-07-12 ECW Program,,2026-04-26,,1990s
PWI Wrestling Almanac & Book of Facts - 1997 - Annual.pdf,PWI Wrestling Almanac & Book of Facts,Annual 1997,1997 (Annual),2026-04-26,,1990s/1997/PWI Wrestling Almanac & Book of Facts
WCW Magazine - Issue 18 - August 1996.pdf,,WCW Magazine - Issue 18 - August 1996,,2026-04-26,,1990s
World Championship Wrestling Coloring Book--Nitro Mania (C).pdf,,World Championship Wrestling Coloring Book--Nitro Mania (C),,2026-04-26,,1990s
WWE Divas Undressed - 2002 - Annual.pdf,WWE Divas Undressed,Annual 2002,2002 (Annual),2026-04-26,,2000s/2002/WWE Divas Undressed
Wrestling Observer Newsletter - 2010 - Index.pdf,Wrestling Observer Newsletter,Index 2010,2010 (Index),2026-04-26,,2010s/2010/Wrestling Observer Newsletter
North Dakota Apartment Wrestling Illustrated - 2018 - Annual.pdf,North Dakota Apartment Wrestling Illustrated,Annual 2018,2018 (Annual),2026-04-26,,2010s/2018/North Dakota Apartment Wrestling Illustrated
