id,title,category,year,publisher,authors,country,era,subject,isbn13,synopsis,source_url,confidence
436,Tributes: Remembering Some of the World's Greatest Wrestlers,about_wrestler,2001,Sports Publishing,Dave Meltzer,US,,,9781582613918,Meltzer's collected obituaries from the Wrestling Observer Newsletter.,https://slamwrestling.net/archives/books/,high
646,Broken Harts: The Life and Death of Owen Hart,about_wrestler,2002,M. Evans & Co.,Eric Francis; Martha Hart,Canada,attitude,Owen Hart,9781590770214,Owen Hart's widow's memoir following his 1999 in-ring death.,,high
635,"Sex, Lies, and Headlocks: The Real Story of Vince McMahon and the World Wrestling Federation",about_wrestler,2002,Crown Publishers,Mike Mooneyham; Shaun Assael,US,attitude,Vince McMahon,9780609607909,Investigative journalism on the McMahon empire through the Attitude Era.,,high
648,Stu Hart: Lord of the Ring,about_wrestler,2002,ECW Press,Marsha Erb,Canada,territorial,Stu Hart,9781550225013,Authorized biography of Stu Hart and Stampede Wrestling.,,high
630,The Pro Wrestling Hall of Fame: The Canadians,about_wrestler,2003,ECW Press,Greg Oliver,Canada,,,9781550225594,Profiles of legendary Canadian wrestlers.,,high
628,Tributes II: Remembering More of Wrestling's Greatest Heroes,about_wrestler,2004,Sports Publishing,Dave Meltzer,US,,,9781582618173,Second volume of Meltzer's wrestling obituaries.,,high
390,The Pro Wrestling Hall of Fame: The Tag Teams,about_wrestler,2005,ECW Press,Brian Young; Dan Murphy,Canada,,,9781550226836,Profiles of the greatest tag teams in wrestling history.,https://slamwrestling.net/archives/books/,high
39,Benoit: Wrestling with the Horror that Destroyed a Family and Crippled a Sport,about_wrestler,2007,ECW Press,Greg Oliver; Heath McCoy; Irvin Muchnick; Steven Johnson,Canada,modern,Chris Benoit,9781550228175,Multi-author book on Benoit released soon after the tragedy.,https://slamwrestling.net/archives/books/,high
61,Brody: The Triumph and Tragedy of Wrestling's Rebel,about_wrestler,2007,ECW Press,Barbara Goodish; Larry Matysik,Canada,territorial,Bruiser Brody,9781550227161,Bruiser Brody biography co-written with his widow.,https://slamwrestling.net/archives/books/,high
629,The Pro Wrestling Hall of Fame: The Heels,about_wrestler,2007,ECW Press,Greg Oliver; Steven Johnson,Canada,,,9781550227598,Profiles of wrestling's greatest villains.,,high
623,Dungeon of Death: Chris Benoit and the Hart Family Curse,about_wrestler,2008,Citadel Press,Scott Keith,US,modern,Chris Benoit,9780806530110,Keith's analysis of Benoit's 2007 murder-suicide and Hart family tragedies.,,high
643,Gorgeous George: The Bizarre Life of the Sports Entertainer Who Invented Showmanship,about_wrestler,2008,Harper,John Capouya,US,golden_age,Gorgeous George,9780061173462,Definitive biography of the wrestler who invented modern showmanship.,,high
645,Ring of Hell: The Story of Chris Benoit and the Fall of the Pro Wrestling Industry,about_wrestler,2008,Phoenix Books,Matthew Randazzo V,US,modern,Chris Benoit,9781597775083,Polemical investigation of the Benoit tragedy and wrestling's culture.,,high
79,Chris & Nancy: The True Story of the Benoit Murder-Suicide and Pro Wrestling's Cocktail of Death,about_wrestler,2009,ECW Press,Irvin Muchnick,Canada,modern,Chris Benoit,9781550229127,Investigative book on the 2007 Benoit tragedy.,https://slamwrestling.net/archives/books/,high
627,WWE Confidential: The Real Vince McMahon,about_wrestler,2010,ECW Press,R.D. Reynolds,Canada,modern,Vince McMahon,,,,high
634,The 50 Greatest Professional Wrestlers of All Time,about_wrestler,2013,ECW Press,Larry Matysik,Canada,,,9781770410893,Matysik's ranked list of wrestling's all-time greats.,,high
631,The Pro Wrestling Hall of Fame: The Storytellers,about_wrestler,2014,ECW Press,Greg Oliver; Steven Johnson,Canada,,,9781770411289,Profiles of wrestling's greatest in-ring storytellers.,,high
633,The Eighth Wonder of the World: The True Story of Andre the Giant,about_wrestler,2020,ECW Press,Bertrand Hebert; Pat Laprade,Canada,rock_n_wrestling,Andre the Giant,9781770414112,Definitive Andre the Giant biography drawn from family and contemporary interviews.,,high
418,The Wrestlers' Wrestlers: The Masters of the Craft of Professional Wrestling,about_wrestler,2021,ECW Press,Brian Young; Dan Murphy,Canada,,,9781770415409,Profiles of the workers other workers consider the best in the business.,https://slamwrestling.net/archives/books/,high
620,The Last Real World Champion: The Legend of Nature Boy Ric Flair,about_wrestler,2024,ECW Press,Tim Hornbaker,Canada,territorial,Ric Flair,9781770417182,Hornbaker's exhaustive biography of Flair's NWA reign.,,high
4,(Un)Controlled Chaos: Canada's Remarkable Professional Wrestling Legacy,about_wrestling,,,,,,,,,https://slamwrestling.net/archives/books/,low
5,1000 Wrestlers,about_wrestling,,,,,,,,,https://slamwrestling.net/archives/books/,low
10,A Diva Was A Female Version of a Wrestler: An Abbreviated Herstory of World Wrestling Entertainment,about_wrestling,,,,,,,,,https://slamwrestling.net/archives/books/,low
11,A Fool for Old School....Wrestling That Is,about_wrestling,,,,,,,,,https://slamwrestling.net/archives/books/,low
14,"A Star Shattered: The Rise & Fall of Wrestling Diva Tammy ""Sunny"" Sytch",about_wrestling,,,,,,,,,https://slamwrestling.net/archives/books/,low
15,AEW Origins,about_wrestling,,,,,,,,,https://slamwrestling.net/archives/books/,low
16,Accepted: How the First Gay Superstar Changed WWE,about_wrestling,,,,,,,,,https://slamwrestling.net/archives/books/,low
566,All-South Wrestling Alliance,about_wrestling,,Crowbar Press,Scott Teal,US,territorial,,,,https://www.crowbarpress.com/53-ttl3.html,high
20,Almanach de lutte du Quebec,about_wrestling,,,,,,,,,https://slamwrestling.net/archives/books/,low
22,An Encyclopedia of Women's Wrestling: 100 Profiles of the Strongest in the Sport,about_wrestling,,,,,,,,,https://slamwrestling.net/archives/books/,low
23,Andre the Giant: A Legendary Life,about_wrestling,,,,,,,,,https://slamwrestling.net/archives/books/,low
24,Andre the Giant: Life and Legend,about_wrestling,,,,,,,,,https://slamwrestling.net/archives/books/,low
25,Animal,about_wrestling,,,,,,,,,https://slamwrestling.net/archives/books/,low
26,"Are We There Yet?, Tales From the Never-Ending Travels of WWE Superstars",about_wrestling,,,,,,,,,https://slamwrestling.net/archives/books/,low
27,"As The Sun Rises Over Diamond Head: The Life and Family of Curtis ""Da Bull"" Iaukea",about_wrestling,,,,,,,,,https://slamwrestling.net/archives/books/,low
514,"Assassin"" Joe Hamilton",about_wrestling,,Crowbar Press,Scott Teal,US,territorial,,,,https://www.crowbarpress.com/03-jh.html,high
28,Assassin: The Man Behind the Mask,about_wrestling,,,,,,,,,https://slamwrestling.net/archives/books/,low
29,Atlas: Too Much... Too Soon,about_wrestling,,,,,,,,,https://slamwrestling.net/archives/books/,low
30,Austin 3:16 – 316 Facts and Stories About Stone Cold Steve Austin,about_wrestling,,,,,,,,,https://slamwrestling.net/archives/books/,low
31,Backlund: From All-American Boy to Professional Wrestling's World Champion,about_wrestling,,,,,,,,,https://slamwrestling.net/archives/books/,low
32,Bad to the Bone: 25 Years of Riots and Wrestling,about_wrestling,,,,,,,,,https://slamwrestling.net/archives/books/,low
33,Bahamian Rhapsody: The Unofficial History of Pro Wrestling's Unofficial Territory 1960 – 2020,about_wrestling,,,,,,,,,https://slamwrestling.net/archives/books/,low
34,"Ballyhoo!: The Roughhousers, Con Artists, And Wildmen Who Invented Professional Wrestling",about_wrestling,,,,,,,,,https://slamwrestling.net/archives/books/,low
35,Bang Your Head! The Real Story of the Missing Link,about_wrestling,,,,,,,,,https://slamwrestling.net/archives/books/,low
36,Banner Days: The Life of Pro Wrestling Legend Penny Banner,about_wrestling,,,,,,,,,https://slamwrestling.net/archives/books/,low
38,"Beer, Blood, and Cornmeal: Seven Years of Incredibly Strange Wrestling",about_wrestling,,,,,,,,,https://slamwrestling.net/archives/books/,low
41,Big Bill Anderson Remembers... His Fallen Friends of Wrestling,about_wrestling,,,,,,,,,https://slamwrestling.net/archives/books/,low
42,Big Bill Anderson Remembers... The School of Wrestling!,about_wrestling,,,,,,,,,https://slamwrestling.net/archives/books/,low
44,Bigger! Better! Badder! – The Road to WrestleMania 3,about_wrestling,,,,,,,,,https://slamwrestling.net/archives/books/,low
43,"Bigger, Better, Badder!",about_wrestling,,,,,,,,,https://slamwrestling.net/archives/books/,low
45,"Billy Riley: The Man, The Legacy",about_wrestling,,,,,,,,,https://slamwrestling.net/archives/books/,low
49,"Blood Red Turns Dollar Green, Vol. 2",about_wrestling,,,,,,,,,https://slamwrestling.net/archives/books/,low
50,"Blood Red Turns Dollar Green, Vol. 3",about_wrestling,,,,,,,,,https://slamwrestling.net/archives/books/,low
51,Bobby Williams: The Story of How I Never Made It,about_wrestling,,,,,,,,,https://slamwrestling.net/archives/books/,low
52,Body Slams! In-Your-Face Insults From the World of Pro Wrestling,about_wrestling,,,,,,,,,https://slamwrestling.net/archives/books/,low
53,Bodyslams in Buffalo,about_wrestling,,,,,,,,,https://slamwrestling.net/archives/books/,low
54,Bodyslams! Memoirs of a Wrestling Pitchman,about_wrestling,,,,,,,,,https://slamwrestling.net/archives/books/,low
55,Bodysmasher,about_wrestling,,,,,,,,,https://slamwrestling.net/archives/books/,low
56,Bodysmasher 2: Death Match,about_wrestling,,,,,,,,,https://slamwrestling.net/archives/books/,low
57,Booker T: From Prison to Promise; Life Before the Squared Circle,about_wrestling,,,,,,,,,https://slamwrestling.net/archives/books/,low
517,Breaking Kayfabe,about_wrestling,,Crowbar Press,Scott Teal,US,territorial,,,,https://www.crowbarpress.com/27-kf.html,high
58,Breaking Kayfabe: Dinner with the Legends of Wrestling,about_wrestling,,,,,,,,,https://slamwrestling.net/archives/books/,low
59,Brisco: The Life and Times of National Collegiate and World Heavyweight Champion Jack Brisco,about_wrestling,,,,,,,,,https://slamwrestling.net/archives/books/,low
60,British Wrestling in the 1980's: The Saturday Afternoon War,about_wrestling,,,,,,,,,https://slamwrestling.net/archives/books/,low
62,Bronko: The Legendary Story Of The NFL's Greatest Two-Way Fullback,about_wrestling,,,,,,,,,https://slamwrestling.net/archives/books/,low
63,Bruiser Brody,about_wrestling,,Crowbar Press,Scott Teal,,,,,,https://slamwrestling.net/archives/books/,low
66,Brute Power: The Buggsy McGraw Story,about_wrestling,,,,,,,,,https://slamwrestling.net/archives/books/,low
67,Bump,about_wrestling,,,,,,,,,https://slamwrestling.net/archives/books/,low
68,Business Is About to Pick Up!: 50 Years of Wrestling in 50 Unforgettable Calls,about_wrestling,,,,,,,,,https://slamwrestling.net/archives/books/,low
69,Captain Lou Albano: Often Imitated and Never Duplicated,about_wrestling,,,,,,,,,https://slamwrestling.net/archives/books/,low
70,Captiol Revolution: The Rise of the McMahon Wrestling Empire,about_wrestling,,,,,,,,,https://slamwrestling.net/archives/books/,low
71,Chairshots and Other Obstacles: Winning Life's Wrestling Matches,about_wrestling,,,,,,,,,https://slamwrestling.net/archives/books/,low
72,Champion of the World,about_wrestling,,,,,,,,,https://slamwrestling.net/archives/books/,low
73,Champions of the Galaxy: Genesis,about_wrestling,,,,,,,,,https://slamwrestling.net/archives/books/,low
565,Championship Wrestling from Florida,about_wrestling,,Crowbar Press,Scott Teal,US,territorial,,,,https://www.crowbarpress.com/33-ttl2.html,high
568,Charles Starrett,about_wrestling,,Crowbar Press,Scott Teal,US,territorial,,,,https://www.crowbarpress.com/ot02-ct.html,high
74,Charting The Territories Presents: The 1971-1973 LeRoy McGuirk Oklahoma/Louisiana Wrestling Almanac,about_wrestling,,,,,,,,,https://slamwrestling.net/archives/books/,low
75,Charting The Territories: The 1971-1973 Heart Of America / Central States Wrestling Almanac,about_wrestling,,,,,,,,,https://slamwrestling.net/archives/books/,low
76,Chasing The Dream: 50 of Stardom's Greatest Matches,about_wrestling,,,,,,,,,https://slamwrestling.net/archives/books/,low
78,Chokehold: Pro Wrestling's Real Mayhem Outside the Ring,about_wrestling,,,,,,,,,https://slamwrestling.net/archives/books/,low
80,Chris Candido: No Gimmicks Needed,about_wrestling,,,,,,,,,https://slamwrestling.net/archives/books/,low
81,Chris and Nancy: The True Story of the Benoit Murder-Suicide and Pro Wrestling's Cocktail Of Death,about_wrestling,,,,,,,,,https://slamwrestling.net/archives/books/,low
82,Chyna: If They Only Knew,about_wrestling,,,,,,,,,https://slamwrestling.net/archives/books/,low
83,Class in Session!: From Teacher to Wrestler,about_wrestling,,,,,,,,,https://slamwrestling.net/archives/books/,low
84,Club Kick Out!: Into The Ring,about_wrestling,,,,,,,,,https://slamwrestling.net/archives/books/,low
85,Controversy Creates Cash,about_wrestling,,,,,,,,,https://slamwrestling.net/archives/books/,low
86,Countdown to Lockdown: A Hardcore Journal,about_wrestling,,,,,,,,,https://slamwrestling.net/archives/books/,low
87,Cowboy James Storm: Make Your Own Luck! A Make Your Own Story Book,about_wrestling,,,,,,,,,https://slamwrestling.net/archives/books/,low
88,Cracking the Theft Rings: the Story of a Cop at the Port of Halifax,about_wrestling,,,,,,,,,https://slamwrestling.net/archives/books/,low
89,Crazy Like A Fox: The Definitive Chronicle of Brian Pillman 20 Years Later,about_wrestling,,,,,,,,,https://slamwrestling.net/archives/books/,low
90,"Crazy is my Superpower: How I Triumphed by Breaking Bones, Breaking Hearts and Breaking the Rules",about_wrestling,,,,,,,,,https://slamwrestling.net/archives/books/,low
91,Creating the Mania: An Inside Look at How WrestleMania Comes to Life,about_wrestling,,,,,,,,,https://slamwrestling.net/archives/books/,low
92,"Cross Rhodes: Goldust, Out of the Darkness",about_wrestling,,,,,,,,,https://slamwrestling.net/archives/books/,low
93,Crown Jewel: The NWA Championship 1959-1973,about_wrestling,,,,,,,,,https://slamwrestling.net/archives/books/,low
94,Cutting Promos: Pro Wrestling Erasure Poems,about_wrestling,,,,,,,,,https://slamwrestling.net/archives/books/,low
567,DURANGO,about_wrestling,,Crowbar Press,Scott Teal,US,territorial,,,,https://www.crowbarpress.com/ot01-ct.html,high
95,Daisy Wrestles with Confidence,about_wrestling,,,,,,,,,https://slamwrestling.net/archives/books/,low
96,Dazzler Dunlop: Inside my Squared Circle,about_wrestling,,,,,,,,,https://slamwrestling.net/archives/books/,low
100,Divas Uncovered,about_wrestling,,,,,,,,,https://slamwrestling.net/archives/books/,low
101,Do A Power Bomb,about_wrestling,,,,,,,,,https://slamwrestling.net/archives/books/,low
102,Do Your Best Every Day to do Your Best Every Day: Encouraging Words from John Cena & Be a Work in Progress: And Other Things I'd Like to Tell my Younger Self,about_wrestling,,,,,,,,,https://slamwrestling.net/archives/books/,low
103,Dramatic Dreams And Those Who Have Them: An Introduction To The DDT Pro Wrestling Universe,about_wrestling,,,,,,,,,https://slamwrestling.net/archives/books/,low
104,Drawing Heat the Hard Way: How Wrestling Really Works,about_wrestling,,,,,,,,,https://slamwrestling.net/archives/books/,low
105,Drax #1,about_wrestling,,,,,,,,,https://slamwrestling.net/archives/books/,low
106,Dropkick Murphy: A Legendary Life,about_wrestling,,,,,,,,,https://slamwrestling.net/archives/books/,low
107,Dungeon Wrestlers,about_wrestling,,,,,,,,,https://slamwrestling.net/archives/books/,low
108,Dusty: Reflections of an American Dream,about_wrestling,,,,,,,,,https://slamwrestling.net/archives/books/,low
109,"Dwayne ""The Rock"" Johnson: The People's Champion – From WWE to Hollywood",about_wrestling,,,,,,,,,https://slamwrestling.net/archives/books/,low
110,Dynamite and Davey: The Explosive Lives of the British Bulldogs,about_wrestling,,,,,,,,,https://slamwrestling.net/archives/books/,low
111,Earl Hebner: The Official Story,about_wrestling,,,,,,,,,https://slamwrestling.net/archives/books/,low
112,Eat Like a Luchador: The Official Cookbook,about_wrestling,,,,,,,,,https://slamwrestling.net/archives/books/,low
521,Ed Don George,about_wrestling,,Crowbar Press,Scott Teal,US,territorial,,,,https://www.crowbarpress.com/70-edg.html,high
113,El Zombo,about_wrestling,,,,,,,,,https://slamwrestling.net/archives/books/,low
114,Empire of Illusion: The End of Literacy and the Triumph of Spectacle,about_wrestling,,,,,,,,,https://slamwrestling.net/archives/books/,low
115,Every Man Has His Price,about_wrestling,,,,,,,,,https://slamwrestling.net/archives/books/,low
116,"Everybody Loves Mickey: The Life and Times of ""Irish"" Mickey Doyle",about_wrestling,,,,,,,,,https://slamwrestling.net/archives/books/,low
117,Fais-le Saigner,about_wrestling,,,,,,,,,https://slamwrestling.net/archives/books/,low
522,Fall Guys,about_wrestling,,Crowbar Press,Scott Teal,US,territorial,,,,https://www.crowbarpress.com/34-fg.html,high
118,Falls Guys: The Barnums of Bounce,about_wrestling,,,,,,,,,https://slamwrestling.net/archives/books/,low
119,Fathers' Blood: True Stories of Pro Wrestling Dads Facing Their Greatest Challenger – Parenthood,about_wrestling,,,,,,,,,https://slamwrestling.net/archives/books/,low
120,Fighting Girls,about_wrestling,,,,,,,,,https://slamwrestling.net/archives/books/,low
121,Final Bell,about_wrestling,,,,,,,,,https://slamwrestling.net/archives/books/,low
523,Florida Mat Wars 1977,about_wrestling,,Crowbar Press,Scott Teal,US,territorial,,,,https://www.crowbarpress.com/77-fmw77.html,high
554,Florida v1,about_wrestling,,Crowbar Press,Scott Teal,US,territorial,,,,https://www.crowbarpress.com/47-cap03.html,high
555,Florida v2,about_wrestling,,Crowbar Press,Scott Teal,US,territorial,,,,https://www.crowbarpress.com/48-cap04.html,high
122,Flowers For Adrian: The Life And Death Of Adrian Adonis,about_wrestling,,,,,,,,,https://slamwrestling.net/archives/books/,low
123,Foley Is Good and the Real World is Faker than Wrestling,about_wrestling,,,,,,,,,https://slamwrestling.net/archives/books/,low
124,Follow The Buzzards: Pro Wrestling In The Age Of COVID-19,about_wrestling,,,,,,,,,https://slamwrestling.net/archives/books/,low
126,For The Love Of The Show: Pro Wrestling Fans Tell Their Stories,about_wrestling,,,,,,,,,https://slamwrestling.net/archives/books/,low
127,"For Your Consideration: Dwayne ""The Rock"" Johnson",about_wrestling,,,,,,,,,https://slamwrestling.net/archives/books/,low
128,Forgiven: One Man's Journey from Self-Glorification to Sanctification,about_wrestling,,,,,,,,,https://slamwrestling.net/archives/books/,low
129,From Badd To Good: The Inspiring Story of a Wrestling Wildman,about_wrestling,,,,,,,,,https://slamwrestling.net/archives/books/,low
130,From Nanjo to The Sheik: Tales from Toronto Wrestling,about_wrestling,,,,,,,,,https://slamwrestling.net/archives/books/,low
132,From The Ring To The Reel: The Pat Rose Story,about_wrestling,,,,,,,,,https://slamwrestling.net/archives/books/,low
133,From the Farm to our Table,about_wrestling,,,,,,,,,https://slamwrestling.net/archives/books/,low
545,GPWV 1: Madison Square Garden,about_wrestling,,Crowbar Press,Scott Teal,US,territorial,,,,https://www.crowbarpress.com/24-msg.html,high
546,"GPWV 2: Nashville, Tennessee",about_wrestling,,Crowbar Press,Scott Teal,US,territorial,,,,https://www.crowbarpress.com/30-nv.html,high
547,GPWV 3: Alabama: 1931-1935,about_wrestling,,Crowbar Press,Scott Teal,US,territorial,,,,https://www.crowbarpress.com/42-al1.html,high
548,"GPWV 4: Japan, The Rikidozan Years",about_wrestling,,Crowbar Press,Scott Teal,US,territorial,,,,https://www.crowbarpress.com/46-jp1.html,high
549,"GPWV 5: Knoxville, Tennessee",about_wrestling,,Crowbar Press,Scott Teal,US,territorial,,,,https://www.crowbarpress.com/54-gwv05.html,high
550,"GPWV 6: Amarillo, Texas",about_wrestling,,Crowbar Press,Scott Teal,US,territorial,,,,https://www.crowbarpress.com/40-gwv06.html,high
134,Ganbaru: How All Japan Pro Wrestling Survived the Year 2000 Roster Split,about_wrestling,,,,,,,,,https://slamwrestling.net/archives/books/,low
135,Gangrel: The Vampire Warrior,about_wrestling,,,,,,,,,https://slamwrestling.net/archives/books/,low
136,Gene Kiniski: Canadian Wrestling Legend,about_wrestling,,,,,,,,,https://slamwrestling.net/archives/books/,low
137,"George Gordienko: Canadian Wrestler, Artist, And Renaissance Man",about_wrestling,,,,,,,,,https://slamwrestling.net/archives/books/,low
138,Glorious Wrestling Alliance: Ultimate Championship Edition,about_wrestling,,,,,,,,,https://slamwrestling.net/archives/books/,low
139,Glory Days: The Summer of 1984 and the 90 Days That Changed Sports and Culture Forever,about_wrestling,,,,,,,,,https://slamwrestling.net/archives/books/,low
140,Goal Dust: The Warm and Candid Memoirs of a Pioneer Black Athlete and Actor,about_wrestling,,,,,,,,,https://slamwrestling.net/archives/books/,low
141,Good Advice From Professional Wrestling: Full Contact Life Lessons From the Pinnacle Performance Art,about_wrestling,,,,,,,,,https://slamwrestling.net/archives/books/,low
142,Gordon Solie ... Something Left Behind,about_wrestling,,,,,,,,,https://slamwrestling.net/archives/books/,low
143,Gorgeous George: The Outrageous Bad-Boy Wrestler Who Created American Pop Culture,about_wrestling,,,,,,,,,https://slamwrestling.net/archives/books/,low
144,Grappler: Memoirs of a Masked Madman,about_wrestling,,,,,,,,,https://slamwrestling.net/archives/books/,low
145,Grappling By Gaslight,about_wrestling,,,,,,,,,https://slamwrestling.net/archives/books/,low
146,Grappling Glory: Celebrating A Century Of Minnesota Wrestling & Rassling,about_wrestling,,,,,,,,,https://slamwrestling.net/archives/books/,low
147,Hacksaw: The Jim Duggan Story,about_wrestling,,,,,,,,,https://slamwrestling.net/archives/books/,low
148,Hard Style Juice #2,about_wrestling,,,,,,,,,https://slamwrestling.net/archives/books/,low
149,Hard Style Juice!,about_wrestling,,,,,,,,,https://slamwrestling.net/archives/books/,low
150,Hardcore History: The Extremely Unauthorized Story of ECW & The Rise & Fall of ECW,about_wrestling,,,,,,,,,https://slamwrestling.net/archives/books/,low
151,Hardy Boyz – Exist 2 Inspire,about_wrestling,,,,,,,,,https://slamwrestling.net/archives/books/,low
152,Hasbook: A Collector's Guide to Real Wrestling Action,about_wrestling,,,,,,,,,https://slamwrestling.net/archives/books/,low
153,Have A Good Week... Till Next Week,about_wrestling,,,,,,,,,https://slamwrestling.net/archives/books/,low
154,Have a Nice Day! A Tale of Blood and Sweatsocks,about_wrestling,,,,,,,,,https://slamwrestling.net/archives/books/,low
155,Headlocked,about_wrestling,,,,,,,,,https://slamwrestling.net/archives/books/,low
156,Headlocked: Tales From The Road Volume 3,about_wrestling,,,,,,,,,https://slamwrestling.net/archives/books/,low
158,Hell Is A Squared Circle,about_wrestling,,,,,,,,,https://slamwrestling.net/archives/books/,low
159,Hey Boy! Where'd You Get Them Ears? 55 Years in Pro Wrestling,about_wrestling,,,,,,,,,https://slamwrestling.net/archives/books/,low
160,Hillbilly Jim: The Incredible Story of a Wrestling Superstar,about_wrestling,,,,,,,,,https://slamwrestling.net/archives/books/,low
162,Hot Shots and High Spots: George Napolitano's Amazing Pictoral History of Wrestling's Greatest Stars,about_wrestling,,,,,,,,,https://slamwrestling.net/archives/books/,low
163,How to Be a Mark Without Leaving a Mark: One Fan's Journey Through the World of Professional Wrestling,about_wrestling,,,,,,,,,https://slamwrestling.net/archives/books/,low
164,How to Become a Champion,about_wrestling,,,,,,,,,https://slamwrestling.net/archives/books/,low
165,How to be a WWE Superstar,about_wrestling,,,,,,,,,https://slamwrestling.net/archives/books/,low
167,"Hustle, Loyalty, Respect: The World of John Cena",about_wrestling,,,,,,,,,https://slamwrestling.net/archives/books/,low
168,I Ain't Got Time to Bleed: Reworking the Body Politic From the Bottom Up,about_wrestling,,,,,,,,,https://slamwrestling.net/archives/books/,low
1,I Ain't No Pig Farmer!,about_wrestling,,Crowbar Press,Dean Silverstone; Scott Teal,,,Dean Silverstone,,,https://slamwrestling.net/archives/books/,low
169,I'm Next,about_wrestling,,,,,,,,,https://slamwrestling.net/archives/books/,low
170,IWF: Intergalactic Wrestling Federation,about_wrestling,,,,,,,,,https://slamwrestling.net/archives/books/,low
171,If You Don't Buy This Book Everybody Dies,about_wrestling,,,,,,,,,https://slamwrestling.net/archives/books/,low
172,"If You Don't Want the Answer, Don't Ask the Question",about_wrestling,,,,,,,,,https://slamwrestling.net/archives/books/,low
173,In a League of Her Own: Celebrating Female Firsts in Sports,about_wrestling,,,,,,,,,https://slamwrestling.net/archives/books/,low
174,In the Pit with Piper,about_wrestling,,,,,,,,,https://slamwrestling.net/archives/books/,low
175,Independent Road: A Wrestler's Journey,about_wrestling,,,,,,,,,https://slamwrestling.net/archives/books/,low
176,Inside Out: How Corporate America Destroyed Professional Wrestling,about_wrestling,,,,,,,,,https://slamwrestling.net/archives/books/,low
177,Inside Secrets On How You Can Enter The Exciting World Of Pro Wrestling,about_wrestling,,,,,,,,,https://slamwrestling.net/archives/books/,low
178,Is This Guy For Real? The Unbelievable Andy Kaufman,about_wrestling,,,,,,,,,https://slamwrestling.net/archives/books/,low
179,Is Wrestling Fixed? I Didn't Know It Was Broken!,about_wrestling,,,,,,,,,https://slamwrestling.net/archives/books/,low
180,It's Only Wrestling: Everyone's Guide to Professional Grunt and Groan,about_wrestling,,,,,,,,,https://slamwrestling.net/archives/books/,low
182,It's Vader Time: The Story of a Modern Day Gladiator,about_wrestling,,,,,,,,,https://slamwrestling.net/archives/books/,low
183,"It's Wrestling, Not Rasslin'!",about_wrestling,,Crowbar Press,Mark Fleming; Scott Teal,,,Mark Fleming,,,https://slamwrestling.net/archives/books/,low
561,Jacksonville v1 1976-1977,about_wrestling,,Crowbar Press,Scott Teal,US,territorial,,,,https://www.crowbarpress.com/78-cap22.html,high
562,Jacksonville v2 1977-1978,about_wrestling,,Crowbar Press,Scott Teal,US,territorial,,,,https://www.crowbarpress.com/79-cap23.html,high
563,Jacksonville v3 1978-1980,about_wrestling,,Crowbar Press,Scott Teal,US,territorial,,,,https://www.crowbarpress.com/80-cap24.html,high
184,James C. Melby,about_wrestling,,,,,,,,,https://slamwrestling.net/archives/books/,low
185,Jesse Ventura's Marijuana Manifesto,about_wrestling,,,,,,,,,https://slamwrestling.net/archives/books/,low
187,Johnny Rougeau,about_wrestling,,,,,,,,,https://slamwrestling.net/archives/books/,low
188,Journey into Darkness: The Unauthorized History of Kane,about_wrestling,,,,,,,,,https://slamwrestling.net/archives/books/,low
189,Just A dream To... JUSTIN CREDIBLE!,about_wrestling,,,,,,,,,https://slamwrestling.net/archives/books/,low
191,Kamala Speaks,about_wrestling,,,,,,,,,https://slamwrestling.net/archives/books/,low
192,Kayfabe Stories You're Not Supposed to Hear From A Pro Wrestling Production Company Owner,about_wrestling,,,,,,,,,https://slamwrestling.net/archives/books/,low
193,Kayfabe: A Mostly True History Of Professional Wrestling,about_wrestling,,,,,,,,,https://slamwrestling.net/archives/books/,low
194,Ken Patera: Weight Of The World,about_wrestling,,,,,,,,,https://slamwrestling.net/archives/books/,low
195,Kicking Down Doors: Female Superstars are Ruling the Ring and Changing the Game,about_wrestling,,,,,,,,,https://slamwrestling.net/archives/books/,low
196,Killer Pics: A Collection of Images from a Pro-Wrestling Legend,about_wrestling,,,,,,,,,https://slamwrestling.net/archives/books/,low
197,"Killers, Butchers, Cry-Babys & Canadian Destroyers: The History of Pro Wrestling in Windsor, Ontario, Canada",about_wrestling,,,,,,,,,https://slamwrestling.net/archives/books/,low
198,King Of New York: Who Was The MVP Of The World Wrestling Federation?,about_wrestling,,,,,,,,,https://slamwrestling.net/archives/books/,low
199,King of Strong Style: 1980-2014,about_wrestling,,,,,,,,,https://slamwrestling.net/archives/books/,low
200,King of the Ring: The Harley Race Story,about_wrestling,,,,,,,,,https://slamwrestling.net/archives/books/,low
556,Knoxville v1,about_wrestling,,Crowbar Press,Scott Teal,US,territorial,,,,https://www.crowbarpress.com/50-cap05.html,high
201,Lance by Chance: Wrestling as a Von Erich,about_wrestling,,,,,,,,,https://slamwrestling.net/archives/books/,low
203,Legends & Icons: A History of Olympic Auditorium and Southern California Professional Wrestling,about_wrestling,,,,,,,,,https://slamwrestling.net/archives/books/,low
206,"Listen, You Pencil Neck Geeks",about_wrestling,,,,,,,,,https://slamwrestling.net/archives/books/,low
207,Living the Gimmick,about_wrestling,,,,,,,,,https://slamwrestling.net/archives/books/,low
208,Lock Up: Professional Wrestling in Our World,about_wrestling,,,,,,,,,https://slamwrestling.net/archives/books/,low
209,London's Loveable Villain: The true story of Chick 'Cocky' Knight's,about_wrestling,,,,,,,,,https://slamwrestling.net/archives/books/,low
211,Lucia the Luchadora and the Million Masks,about_wrestling,,,,,,,,,https://slamwrestling.net/archives/books/,low
212,Lucía the Luchadora,about_wrestling,,,,,,,,,https://slamwrestling.net/archives/books/,low
214,"Macho Man: The Untamed, Unbelievable Life Of Randy Savage",about_wrestling,,,,,,,,,https://slamwrestling.net/archives/books/,low
215,Mad Dog: The Maurice Vachon Story,about_wrestling,,,,,,,,,https://slamwrestling.net/archives/books/,low
216,"Mad Dogs, Midgets, and Screw Jobs: The Untold Story of How Montreal Shaped the World of Professional Wrestling",about_wrestling,,,,,,,,,https://slamwrestling.net/archives/books/,low
217,Main Event: WWE in the Raging 80s,about_wrestling,,,,,,,,,https://slamwrestling.net/archives/books/,low
218,Masked Decisions,about_wrestling,,,,,,,,,https://slamwrestling.net/archives/books/,low
219,"Master of the Ring: The Biography of ""Nature Boy"" Buddy Rogers",about_wrestling,,,,,,,,,https://slamwrestling.net/archives/books/,low
220,Masters of the Ring,about_wrestling,,,,,,,,,https://slamwrestling.net/archives/books/,low
221,Mat Burns,about_wrestling,,,,,,,,,https://slamwrestling.net/archives/books/,low
223,Mat Memories: The Sheik Trio,about_wrestling,,,,,,,,,https://slamwrestling.net/archives/books/,low
224,Mat Memories: The Sheik! The Original Detroit Terror,about_wrestling,,,,,,,,,https://slamwrestling.net/archives/books/,low
225,"Maurice ""Mad Dog"" Vachon",about_wrestling,,,,,,,,,https://slamwrestling.net/archives/books/,low
226,Me By Jimmy (Big Boy) Valente,about_wrestling,,,,,,,,,https://slamwrestling.net/archives/books/,low
227,Memoirs of a Mad Man,about_wrestling,,,,,,,,,https://slamwrestling.net/archives/books/,low
228,Memphis Wrestling History Presents 1982,about_wrestling,,,,,,,,,https://slamwrestling.net/archives/books/,low
229,"Memphis Wrestling History: Cards, Matches, Results & Newspaper Clippings Vol. 1",about_wrestling,,,,,,,,,https://slamwrestling.net/archives/books/,low
230,Meteora4 Media's Ring Post Journal #1: A 2020 Women's Wrestling Year in Review,about_wrestling,,,,,,,,,https://slamwrestling.net/archives/books/,low
232,Minnesota's Golden Age of Wrestling from Verne Gagne to the Road Warriors,about_wrestling,,,,,,,,,https://slamwrestling.net/archives/books/,low
233,Missy Hyatt: First Lady of Wrestling,about_wrestling,,,,,,,,,https://slamwrestling.net/archives/books/,low
234,Mixed Up History: Abraham Lincoln Pro Wrestler,about_wrestling,,,,,,,,,https://slamwrestling.net/archives/books/,low
235,Mondo Lucha A Go-Go: The Bizarre and Honorable World of Wild Mexican Wrestling,about_wrestling,,,,,,,,,https://slamwrestling.net/archives/books/,low
236,More than a Thousand Words: The Larry Barnhizer Wrestling Scrapbook,about_wrestling,,,,,,,,,https://slamwrestling.net/archives/books/,low
237,Mouth of the South: The Jimmy Hart Story,about_wrestling,,,,,,,,,https://slamwrestling.net/archives/books/,low
238,Mox,about_wrestling,,,,,,,,,https://slamwrestling.net/archives/books/,low
239,Mr. X – The Life Story of Dangerous Danny Davis,about_wrestling,,,,,,,,,https://slamwrestling.net/archives/books/,low
240,My Favorite Match,about_wrestling,,,,,,,,,https://slamwrestling.net/archives/books/,low
242,Mysteries of Wrestling: Solved,about_wrestling,,,,,,,,,https://slamwrestling.net/archives/books/,low
243,NIKITA: A Tale of the Ring and Redemption,about_wrestling,,,,,,,,,https://slamwrestling.net/archives/books/,low
244,NXT: The Future Is Now,about_wrestling,,,,,,,,,https://slamwrestling.net/archives/books/,low
247,New Japan Academy: The Tale of Tetsuya Naito,about_wrestling,,,,,,,,,https://slamwrestling.net/archives/books/,low
248,"Nitro, The Incredible Rise and Inevitable Collapse of Ted Turner's WCW",about_wrestling,,,,,,,,,https://slamwrestling.net/archives/books/,low
249,No Beard The Pirate,about_wrestling,,,,,,,,,https://slamwrestling.net/archives/books/,low
251,Oklahoma Shooter: The Dan Hodge Story,about_wrestling,,,,,,,,,https://slamwrestling.net/archives/books/,low
252,One Fall to a Finish: Inside the British Wrestling Boom Years and Beyond,about_wrestling,,,,,,,,,https://slamwrestling.net/archives/books/,low
253,One Last Ride: The Tale of Cowboy Scott Casey,about_wrestling,,,,,,,,,https://slamwrestling.net/archives/books/,low
254,Our Fight,about_wrestling,,,,,,,,,https://slamwrestling.net/archives/books/,low
255,"Owen Hart: King of Pranks: The Ultimate Anthology of Owen's Greatest Ribs, Pranks and Stories",about_wrestling,,,,,,,,,https://slamwrestling.net/archives/books/,low
256,Ox Baker's Cookbook: A Tribute to the Fallen Warriors,about_wrestling,,,,,,,,,https://slamwrestling.net/archives/books/,low
257,Pain Torture Agony,about_wrestling,,Crowbar Press,Ron Hutchison; Scott Teal,,,Ron Hutchison,,,https://slamwrestling.net/archives/books/,low
259,"Parts Unknown: Wrestling, Gimmicks and Other Works",about_wrestling,,,,,,,,,https://slamwrestling.net/archives/books/,low
260,Pendleton: The amazing story of Columbia's wrestling Olympian and star of Hollywood,about_wrestling,,,,,,,,,https://slamwrestling.net/archives/books/,low
261,Philosophy Smackdown,about_wrestling,,,,,,,,,https://slamwrestling.net/archives/books/,low
262,"Pin Me, Pay Me, Have Boots Will Travel",about_wrestling,,,,,,,,,https://slamwrestling.net/archives/books/,low
263,Pioneers of Professional Wrestling: 1860-1899,about_wrestling,,,,,,,,,https://slamwrestling.net/archives/books/,low
264,Play-by-Play: Tales from a Sportscasting Insider,about_wrestling,,,,,,,,,https://slamwrestling.net/archives/books/,low
266,Poetry in the Sand: The Life of Iconic Professional Wrestler Sid (Vicious) Eudy,about_wrestling,,,,,,,,,https://slamwrestling.net/archives/books/,low
267,Positively Unstoppable: The Art of Owning It,about_wrestling,,,,,,,,,https://slamwrestling.net/archives/books/,low
268,"Power Players: Sports, Politics, And The American Presidency",about_wrestling,,,,,,,,,https://slamwrestling.net/archives/books/,low
269,Prairie Fire,about_wrestling,,,,,,,,,https://slamwrestling.net/archives/books/,low
270,"Princess Victoria: A Tale of Tears, Triumphs, and Turnbuckles",about_wrestling,,,,,,,,,https://slamwrestling.net/archives/books/,low
271,Pro Wrestling FAQ: All That's Left to Know About the World's Most Entertaining Spectacle,about_wrestling,,,,,,,,,https://slamwrestling.net/archives/books/,low
272,Pro Wrestling Stars,about_wrestling,,,,,,,,,https://slamwrestling.net/archives/books/,low
274,Pro Wrestling's Black World Champions,about_wrestling,,,,,,,,,https://slamwrestling.net/archives/books/,low
273,"Pro Wrestling's G.O.A.T.: Hulk Hogan, Dwayne the Rock Johnson, and More",about_wrestling,,,,,,,,,https://slamwrestling.net/archives/books/,low
275,Professional Wrestling Collectibles,about_wrestling,,,,,,,,,https://slamwrestling.net/archives/books/,low
276,Professional Wrestling Intellectual,about_wrestling,,,,,,,,,https://slamwrestling.net/archives/books/,low
277,Professional Wrestling and the Law: Legal Battles from the Ring to the Courtroom,about_wrestling,,,,,,,,,https://slamwrestling.net/archives/books/,low
278,"Professional Wrestling in the Pacific Northwest A History, 1883 to the Present",about_wrestling,,,,,,,,,https://slamwrestling.net/archives/books/,low
279,Professional Wrestling: Politics and Populism,about_wrestling,,,,,,,,,https://slamwrestling.net/archives/books/,low
281,Purodyssey: A Tokyo Wrestling Diary,about_wrestling,,,,,,,,,https://slamwrestling.net/archives/books/,low
282,Queen of the Ring: Wrestling Drawings by Jaime Hernadez,about_wrestling,,,,,,,,,https://slamwrestling.net/archives/books/,low
283,Raising Cain: From Jimmy Ault to Kid McCoy,about_wrestling,,,,,,,,,https://slamwrestling.net/archives/books/,low
284,Regular Show: Wrasslesplosion,about_wrestling,,,,,,,,,https://slamwrestling.net/archives/books/,low
285,Rencor Life in Grudge City,about_wrestling,,,,,,,,,https://slamwrestling.net/archives/books/,low
286,Rey Mysterio: Behind the Mask,about_wrestling,,,,,,,,,https://slamwrestling.net/archives/books/,low
287,Ric Flair: To Be The Man,about_wrestling,,,,,,,,,https://slamwrestling.net/archives/books/,low
288,"Richmond 9-5171, A Wrestling Story",about_wrestling,,,,,,,,,https://slamwrestling.net/archives/books/,low
289,Ring Post Journal's 2021 Women's Wrestling Year in Review,about_wrestling,,,,,,,,,https://slamwrestling.net/archives/books/,low
290,RingMaster: Vince McMahon and the Unmaking of America,about_wrestling,,,,,,,,,https://slamwrestling.net/archives/books/,low
293,Rope Opera: How WCW Killed Vince Russo,about_wrestling,,,,,,,,,https://slamwrestling.net/archives/books/,low
294,Rowdy Roddy Piper: The Kilted Avenger,about_wrestling,,,,,,,,,https://slamwrestling.net/archives/books/,low
295,Rowdy: The Roddy Piper Story,about_wrestling,,,,,,,,,https://slamwrestling.net/archives/books/,low
296,Rumble Road: Untold Stories from Outside the Ring,about_wrestling,,,,,,,,,https://slamwrestling.net/archives/books/,low
297,Rumble: Back in the Ring (Ready-to-Read Level 2),about_wrestling,,,,,,,,,https://slamwrestling.net/archives/books/,low
298,S is for Suplex,about_wrestling,,,,,,,,,https://slamwrestling.net/archives/books/,low
552,SLAM-O-GRAM v1,about_wrestling,,Crowbar Press,Scott Teal,US,territorial,,,,https://www.crowbarpress.com/35-cap01.html,high
553,SLAM-O-GRAM v2,about_wrestling,,Crowbar Press,Scott Teal,US,territorial,,,,https://www.crowbarpress.com/36-cap02.html,high
299,"Sabu: Scars, Silence & Superglue",about_wrestling,,,,,,,,,https://slamwrestling.net/archives/books/,low
301,Savage 1986-2011,about_wrestling,,,,,,,,,https://slamwrestling.net/archives/books/,low
302,Saving Grace,about_wrestling,,,,,,,,,https://slamwrestling.net/archives/books/,low
304,Self Defense and Physical Fitness,about_wrestling,,,,,,,,,https://slamwrestling.net/archives/books/,low
305,Self Help: Life Lessons from the Bizarre Wrestling Career of Al Snow,about_wrestling,,,,,,,,,https://slamwrestling.net/archives/books/,low
306,Shamrock: The World's Most Dangerous Man,about_wrestling,,,,,,,,,https://slamwrestling.net/archives/books/,low
307,"Shooters, Heels & Heroes: The Life & Times of Rico Valentino",about_wrestling,,,,,,,,,https://slamwrestling.net/archives/books/,low
308,Shooters: The Toughest Men in Professional Wresting,about_wrestling,,,,,,,,,https://slamwrestling.net/archives/books/,low
309,Short Bus Hero,about_wrestling,,,,,,,,,https://slamwrestling.net/archives/books/,low
311,Slammin': Wrestling's Greatest Heroes and Villains,about_wrestling,,,,,,,,,https://slamwrestling.net/archives/books/,low
312,Slamthology,about_wrestling,,,,,,,,,https://slamwrestling.net/archives/books/,low
313,"Slaphappy: Pride, Prejudice and Professional Wrestling",about_wrestling,,,,,,,,,https://slamwrestling.net/archives/books/,low
314,Sleeperhold: How Professional Wrestling Worked Its Magic,about_wrestling,,,,,,,,,https://slamwrestling.net/archives/books/,low
316,Smarten Up! Say It Right,about_wrestling,,,,,,,,,https://slamwrestling.net/archives/books/,low
317,So You Want To Be A Pro Wrestler (And Other Ways To Get A Job In Wrestling),about_wrestling,,,,,,,,,https://slamwrestling.net/archives/books/,low
318,Soulman: The Rocky Johnson Story,about_wrestling,,,,,,,,,https://slamwrestling.net/archives/books/,low
564,Southeastern Championship Wrestling,about_wrestling,,Crowbar Press,Scott Teal,US,territorial,,,,https://www.crowbarpress.com/29-ttl1.html,high
319,"Sputnik, Masked Men, and Midgets: The Early Days of Memphis Wrestling",about_wrestling,,,,,,,,,https://slamwrestling.net/archives/books/,low
320,Squared Circle Comics,about_wrestling,,,,,,,,,https://slamwrestling.net/archives/books/,low
321,"Squared Circle, Full Circle: ""I'm Joe Cool and You're Not!",about_wrestling,,,,,,,,,https://slamwrestling.net/archives/books/,low
557,St. Louis v1 1943-1945,about_wrestling,,Crowbar Press,Scott Teal,US,territorial,,,,https://www.crowbarpress.com/81-cap06.html,high
558,St. Louis v2 1946-1948,about_wrestling,,Crowbar Press,Scott Teal,US,territorial,,,,https://www.crowbarpress.com/82-cap07.html,high
559,St. Louis v3 1949-1951,about_wrestling,,Crowbar Press,Scott Teal,US,territorial,,,,https://www.crowbarpress.com/83-cap08.html,high
560,St. Louis v4 1945-1949,about_wrestling,,Crowbar Press,Scott Teal,US,territorial,,,,https://www.crowbarpress.com/84-cap09.html,high
322,Stampede Wrestling: The History Of The North American Heavyweight Championship,about_wrestling,,,,,,,,,https://slamwrestling.net/archives/books/,low
323,Steel Chair To the Head: The Pleasure and Pain of Professional Wrestling,about_wrestling,,,,,,,,,https://slamwrestling.net/archives/books/,low
325,Struttin' & Cuttin',about_wrestling,,,,,,,,,https://slamwrestling.net/archives/books/,low
326,Stunning: The Wrestling Artistry of Steve Austin,about_wrestling,,,,,,,,,https://slamwrestling.net/archives/books/,low
327,Sumo Libre,about_wrestling,,,,,,,,,https://slamwrestling.net/archives/books/,low
328,Super Fan & Pro Wrestling Greats,about_wrestling,,,,,,,,,https://slamwrestling.net/archives/books/,low
329,Superstar Billy Graham: Tangled Ropes,about_wrestling,,,,,,,,,https://slamwrestling.net/archives/books/,low
330,Swerve,about_wrestling,,,,,,,,,https://slamwrestling.net/archives/books/,low
331,Swimming with Piranhas: Surviving the Politics of Professional Wrestling,about_wrestling,,,,,,,,,https://slamwrestling.net/archives/books/,low
332,Tales from a Dirt Road,about_wrestling,,,,,,,,,https://slamwrestling.net/archives/books/,low
333,Ted DiBiase: The Million Dollar Man,about_wrestling,,,,,,,,,https://slamwrestling.net/archives/books/,low
334,Tell Me To My Face,about_wrestling,,,,,,,,,https://slamwrestling.net/archives/books/,low
335,Ten Pounds of Gold,about_wrestling,,,,,,,,,https://slamwrestling.net/archives/books/,low
551,Tennessee Athletic Commission v1 1935-1971,about_wrestling,,Crowbar Press,Scott Teal,US,territorial,,,,https://www.crowbarpress.com/67-tac.html,high
336,Thanks for the Compliment!!! Canadian Bulldog's Nuttiest Letters Ever! EVER!!!,about_wrestling,,,,,,,,,https://slamwrestling.net/archives/books/,low
337,The 50 Greatest Professional Wrestlers of All Time: The Definitive Shoot,about_wrestling,,,,,,,,,https://slamwrestling.net/archives/books/,low
338,The Ballad of Cousin Elvira,about_wrestling,,,,,,,,,https://slamwrestling.net/archives/books/,low
340,The Best Of DragonKing Press Newsletter,about_wrestling,,,,,,,,,https://slamwrestling.net/archives/books/,low
341,The Best of Times: The Jerry Jarrett Story,about_wrestling,,,,,,,,,https://slamwrestling.net/archives/books/,low
342,The Birth of Women's Professional Wrestling: Popular Culture and Intersectionality in Cold War Japan,about_wrestling,,,,,,,,,https://slamwrestling.net/archives/books/,low
343,The Bomb Shelter: A Scattered Timeline,about_wrestling,,,,,,,,,https://slamwrestling.net/archives/books/,low
344,The Business of Kayfabe: Turning Wrestlers' Secrets Into A Million Dollars,about_wrestling,,,,,,,,,https://slamwrestling.net/archives/books/,low
346,The Canadian Heavyweight Title: The Complete History 1978-1984,about_wrestling,,,,,,,,,https://slamwrestling.net/archives/books/,low
347,The Central Canadian Professional Wrestling Almanac,about_wrestling,,,,,,,,,https://slamwrestling.net/archives/books/,low
348,The Chronicles of Mad Maxine,about_wrestling,,,,,,,,,https://slamwrestling.net/archives/books/,low
349,The Comic Book Encyclopedia of Pro Wrestling,about_wrestling,,,,,,,,,https://slamwrestling.net/archives/books/,low
350,"The Comic Book Story of Professional Wrestling: A Hardcore, High-Flying, No-Holds-Barred History of the One True Sport",about_wrestling,,,,,,,,,https://slamwrestling.net/archives/books/,low
351,The Complete Idiot's Guide to Pro Wrestling,about_wrestling,,,,,,,,,https://slamwrestling.net/archives/books/,low
352,The Death of WCW,about_wrestling,,,,,,,,,https://slamwrestling.net/archives/books/,low
353,The Eighth Wonder of the World: The True Story of André the Giant,about_wrestling,,,,,,,,,https://slamwrestling.net/archives/books/,low
354,The Elite Team,about_wrestling,,,,,,,,,https://slamwrestling.net/archives/books/,low
355,The F1rst Hero,about_wrestling,,,,,,,,,https://slamwrestling.net/archives/books/,low
356,"The Forgotten First: Kenny Washington, Woody Strode, Marion Motley, Bill Willis, and the Breaking of the NFL Color Barrier",about_wrestling,,,,,,,,,https://slamwrestling.net/archives/books/,low
357,The Gimmick,about_wrestling,,,,,,,,,https://slamwrestling.net/archives/books/,low
358,The Gimmicks,about_wrestling,,,,,,,,,https://slamwrestling.net/archives/books/,low
359,The Girl With The Iron Jaw: The Amazing Life of Mars Bennett,about_wrestling,,,,,,,,,https://slamwrestling.net/archives/books/,low
360,The Grapple Manual: Heroes and Villians from the Golden Age of World Wrestling,about_wrestling,,,,,,,,,https://slamwrestling.net/archives/books/,low
361,The Great And Inimitable June Byers,about_wrestling,,,,,,,,,https://slamwrestling.net/archives/books/,low
362,The Great Pro Wrestling Venues Volume 6: Amarillo: 1911-1960,about_wrestling,,,,,,,,,https://slamwrestling.net/archives/books/,low
363,"The Great Wrestling Venues, Volume 4 – Japan: The Rikidozan Years",about_wrestling,,,,,,,,,https://slamwrestling.net/archives/books/,low
364,The Hard Way,about_wrestling,,Crowbar Press,Don Fargo; Scott Teal,,,Don Fargo,,,https://slamwrestling.net/archives/books/,low
366,The Hardcore Truth: The Bob Holly Story,about_wrestling,,,,,,,,,https://slamwrestling.net/archives/books/,low
367,The He-Man Effect: How American Toymakers Sold You Your Childhood,about_wrestling,,,,,,,,,https://slamwrestling.net/archives/books/,low
368,"The History Of Professional Wrestling In Evansville, IN: The Sixties Part Two: 1963 – 1969",about_wrestling,,,,,,,,,https://slamwrestling.net/archives/books/,low
369,"The History of Professional Wrestling in Evansville, IN: 1959",about_wrestling,,,,,,,,,https://slamwrestling.net/archives/books/,low
370,The Incredible Brute,about_wrestling,,,,,,,,,https://slamwrestling.net/archives/books/,low
371,"The Italian Temper: The Story of How Alphonse ""Babe"" Bisignano Turned Out All Right",about_wrestling,,,,,,,,,https://slamwrestling.net/archives/books/,low
372,"The Keirn Chronicles, Volume One, The Fabulous Wrestling Life of Steve Keirn",about_wrestling,,,,,,,,,https://slamwrestling.net/archives/books/,low
373,The Kids' Guide to Pro Wrestling,about_wrestling,,,,,,,,,https://slamwrestling.net/archives/books/,low
374,The King of New Orleans: How the Junkyard Dog Became Professional Wrestling's First Black Superstar,about_wrestling,,,,,,,,,https://slamwrestling.net/archives/books/,low
375,The Kings of Wrestling: Anecdotes and Stories of Wrestling from the Distant Past to Our Times,about_wrestling,,,,,,,,,https://slamwrestling.net/archives/books/,low
376,The Last Outlaw,about_wrestling,,Crowbar Press,Scott Teal; Stan Hansen,,,Stan Hansen,,,https://slamwrestling.net/archives/books/,low
377,"The Last Real World Champion: The Legacy Of ""Nature Boy"" Ric Flair",about_wrestling,,,,,,,,,https://slamwrestling.net/archives/books/,low
378,The Little Old Lady Killer: The Sensationalized Crimes of Mexico's First Female Serial Killer,about_wrestling,,,,,,,,,https://slamwrestling.net/archives/books/,low
379,The Lost Art of Tag Team Wrestling,about_wrestling,,,,,,,,,https://slamwrestling.net/archives/books/,low
380,The Lost Cinema Of Mexico: From Lucha Libre To Cine Familiar And Other Churros,about_wrestling,,,,,,,,,https://slamwrestling.net/archives/books/,low
381,The Man of All Talents: The Extraordinary Life of Douglas Clark,about_wrestling,,,,,,,,,https://slamwrestling.net/archives/books/,low
382,The Man: Not Your Average Average Girl,about_wrestling,,,,,,,,,https://slamwrestling.net/archives/books/,low
383,The Midnight Express and Jim Cornette 25th Anniversary Scrapbook,about_wrestling,,,,,,,,,https://slamwrestling.net/archives/books/,low
531,The Mighty Milo,about_wrestling,,Crowbar Press,Scott Teal,US,territorial,,,,https://www.crowbarpress.com/18-mm.html,high
384,The Mississippi Wrestling Territory: The Untold Story,about_wrestling,,,,,,,,,https://slamwrestling.net/archives/books/,low
385,The Muto Years,about_wrestling,,,,,,,,,https://slamwrestling.net/archives/books/,low
386,The Painmaker,about_wrestling,,,,,,,,,https://slamwrestling.net/archives/books/,low
387,The Perfect Bastard: Poems,about_wrestling,,,,,,,,,https://slamwrestling.net/archives/books/,low
388,The Power Slam interviews Volume 1,about_wrestling,,,,,,,,,https://slamwrestling.net/archives/books/,low
389,The Pro Wrestling Hall of Fame: The Storytellers (From the Terrible Turk to Twitter),about_wrestling,,,,,,,,,https://slamwrestling.net/archives/books/,low
391,The Professional Wrestlers' Workout and Instructional Guide,about_wrestling,,,,,,,,,https://slamwrestling.net/archives/books/,low
392,"The Queen of the Ring: Sex, Muscles, Diamonds and the Making of an American Legend",about_wrestling,,,,,,,,,https://slamwrestling.net/archives/books/,low
393,The Rassler from Renfrew: Larry Kasaboski and the Northland Wresting Enterprises,about_wrestling,,,,,,,,,https://slamwrestling.net/archives/books/,low
394,"The Road Warriors: Danger, Death, and the Rush of Wrestling",about_wrestling,,,,,,,,,https://slamwrestling.net/archives/books/,low
395,The Rock Says...,about_wrestling,,,,,,,,,https://slamwrestling.net/archives/books/,low
396,"The Rock: Through the Lens: His Life, His Movies, His World",about_wrestling,,,,,,,,,https://slamwrestling.net/archives/books/,low
397,The Sheikh of Baghdad: An Iraqi Celebrity Athlete's Pro Wrestling Adventures,about_wrestling,,,,,,,,,https://slamwrestling.net/archives/books/,low
398,The Six Pack: On The Open Road In Search Of Wrestlemania,about_wrestling,,,,,,,,,https://slamwrestling.net/archives/books/,low
399,The Solie Chronicles: The Life and Times of Gordon Solie,about_wrestling,,,,,,,,,https://slamwrestling.net/archives/books/,low
400,"The Squared Circle: Life, Death and Professional Wrestling",about_wrestling,,,,,,,,,https://slamwrestling.net/archives/books/,low
402,The Story of the Development of the NWATNA: A New Concept in Pay-Per-View Programming,about_wrestling,,,,,,,,,https://slamwrestling.net/archives/books/,low
536,The Strap: The Missouri Heavyweight Title,about_wrestling,,Crowbar Press,Scott Teal,US,territorial,,,,https://www.crowbarpress.com/16-rd.html,high
403,The Sweetheart,about_wrestling,,,,,,,,,https://slamwrestling.net/archives/books/,low
404,The Territories: Volume 1,about_wrestling,,,,,,,,,https://slamwrestling.net/archives/books/,low
407,The Unauthorized History of DX,about_wrestling,,,,,,,,,https://slamwrestling.net/archives/books/,low
408,The Untamed White Savage,about_wrestling,,,,,,,,,https://slamwrestling.net/archives/books/,low
409,The Von Erichs: A Family Album,about_wrestling,,,,,,,,,https://slamwrestling.net/archives/books/,low
410,The WWE Attitude Era,about_wrestling,,,,,,,,,https://slamwrestling.net/archives/books/,low
411,The WWE Book of Top 10s,about_wrestling,,,,,,,,,https://slamwrestling.net/archives/books/,low
412,The WWE Championship,about_wrestling,,,,,,,,,https://slamwrestling.net/archives/books/,low
413,The World According to Dutch,about_wrestling,,,,,,,,,https://slamwrestling.net/archives/books/,low
414,The World Belongs to Jane & Me—Part #1: 1963,about_wrestling,,,,,,,,,https://slamwrestling.net/archives/books/,low
415,The World of The Rock,about_wrestling,,,,,,,,,https://slamwrestling.net/archives/books/,low
416,The WrestleCrap Book of Lists,about_wrestling,,,,,,,,,https://slamwrestling.net/archives/books/,low
417,The Wrestler,about_wrestling,,,,,,,,,https://slamwrestling.net/archives/books/,low
419,The Wrestling Archive Project – Classic 20th Century Mat Memories Volume 1,about_wrestling,,,,,,,,,https://slamwrestling.net/archives/books/,low
420,The Wrestling Observer Yearbook '93: The Year of Major Beginnings and Major Endings,about_wrestling,,,,,,,,,https://slamwrestling.net/archives/books/,low
421,"There's Just One Problem...: True Tales From The Former, One-Time, 7th Most Powerful Person In WWE",about_wrestling,,,,,,,,,https://slamwrestling.net/archives/books/,low
422,There's No Such Thing as a Bad Kid – How I Went from Stereotype to Prototype,about_wrestling,,,,,,,,,https://slamwrestling.net/archives/books/,low
537,They Call Me Booker,about_wrestling,,Crowbar Press,Scott Teal,US,territorial,,,,https://www.crowbarpress.com/45-bk.html,high
423,This Saturday Night II: Return To The Cobo,about_wrestling,,,,,,,,,https://slamwrestling.net/archives/books/,low
424,Thrashing Seasons: Sporting Culture in Manitoba and the Genesis of Prairie Wrestling,about_wrestling,,,,,,,,,https://slamwrestling.net/archives/books/,low
425,Through the Shattered Glass,about_wrestling,,,,,,,,,https://slamwrestling.net/archives/books/,low
426,Tito Santana: Don't Call Me Chico,about_wrestling,,,,,,,,,https://slamwrestling.net/archives/books/,low
427,Tito the Bonecrusher,about_wrestling,,,,,,,,,https://slamwrestling.net/archives/books/,low
428,To Smithereens – Rosalyn Drexler's reissue is a smash!,about_wrestling,,,,,,,,,https://slamwrestling.net/archives/books/,low
429,Tod is God: The Authorized Story of How I Created Extreme Championship Wrestling,about_wrestling,,,,,,,,,https://slamwrestling.net/archives/books/,low
430,Tonight! Tonight! Tonight!,about_wrestling,,Crowbar Press,Bert Prentice; Scott Teal,,,Bert Prentice,,,https://slamwrestling.net/archives/books/,low
431,Too Sweet: Inside the Indie Wrestling Revolution,about_wrestling,,,,,,,,,https://slamwrestling.net/archives/books/,low
432,Tortured Ambition: The Story of Herb Abrams and the UWF,about_wrestling,,,,,,,,,https://slamwrestling.net/archives/books/,low
433,Total Suplex Of The Heart,about_wrestling,,,,,,,,,https://slamwrestling.net/archives/books/,low
434,Trash Talk: The Only Book About Destroying Your Rivals That Isn't Total Garbage,about_wrestling,,,,,,,,,https://slamwrestling.net/archives/books/,low
435,Tributes II: Remembering More of the World's Greatest Professional Wrestlers,about_wrestling,,,,,,,,,https://slamwrestling.net/archives/books/,low
437,"TrumpMania: Vince McMahon, WWE and the Making of America's 45th President 2020 Election Special Edition",about_wrestling,,,,,,,,,https://slamwrestling.net/archives/books/,low
438,"Trumpmania: Vince McMahon, WWE and the Making of America's 45th President",about_wrestling,,,,,,,,,https://slamwrestling.net/archives/books/,low
439,Truth Bee Told,about_wrestling,,,,,,,,,https://slamwrestling.net/archives/books/,low
440,"Two Falls, Two Submissions, or a Knockout",about_wrestling,,,,,,,,,https://slamwrestling.net/archives/books/,low
441,UFC: A Visual History,about_wrestling,,,,,,,,,https://slamwrestling.net/archives/books/,low
442,Under The Mat: Inside Wrestling's Greatest Family,about_wrestling,,,,,,,,,https://slamwrestling.net/archives/books/,low
444,Undertaker: 25 Years of Destruction,about_wrestling,,,,,,,,,https://slamwrestling.net/archives/books/,low
445,Undertaker: Rise of the Deadman,about_wrestling,,,,,,,,,https://slamwrestling.net/archives/books/,low
447,Une Vie De Chien Dans Un Monde Fous,about_wrestling,,,,,,,,,https://slamwrestling.net/archives/books/,low
448,Unladylike: A Grrrl's Guide to Wrestling,about_wrestling,,,,,,,,,https://slamwrestling.net/archives/books/,low
449,VISITORS,about_wrestling,,,,,,,,,https://slamwrestling.net/archives/books/,low
450,Victory Parade,about_wrestling,,,,,,,,,https://slamwrestling.net/archives/books/,low
451,WANTED: For True Lies and Alibis – The Blackjack Mulligan Story,about_wrestling,,,,,,,,,https://slamwrestling.net/archives/books/,low
452,WWE #1,about_wrestling,,,,,,,,,https://slamwrestling.net/archives/books/,low
453,WWE 50: Celebrating 50 years of Sports Entertainment,about_wrestling,,,,,,,,,https://slamwrestling.net/archives/books/,low
454,WWE Beyond Extreme,about_wrestling,,,,,,,,,https://slamwrestling.net/archives/books/,low
455,WWE Encyclopedia of Sports Entertainment 4th Edition,about_wrestling,,,,,,,,,https://slamwrestling.net/archives/books/,low
456,WWE Encyclopedia: The Definitive Guide to World Wrestling Entertainment,about_wrestling,,,,,,,,,https://slamwrestling.net/archives/books/,low
457,WWE Greatest 100 Matches,about_wrestling,,,,,,,,,https://slamwrestling.net/archives/books/,low
458,WWE Greatest Rivalries,about_wrestling,,,,,,,,,https://slamwrestling.net/archives/books/,low
459,WWE Legends,about_wrestling,,,,,,,,,https://slamwrestling.net/archives/books/,low
460,WWE RAW: The First 25 Years,about_wrestling,,,,,,,,,https://slamwrestling.net/archives/books/,low
461,WWE Slam City #1: Finished,about_wrestling,,,,,,,,,https://slamwrestling.net/archives/books/,low
462,WWE Smackdown: 20 Years and Counting,about_wrestling,,,,,,,,,https://slamwrestling.net/archives/books/,low
463,WWE Superstar Handbook,about_wrestling,,,,,,,,,https://slamwrestling.net/archives/books/,low
464,WWE Superstars Money in the Bank,about_wrestling,,,,,,,,,https://slamwrestling.net/archives/books/,low
465,WWE Ultimate Superstar Guide,about_wrestling,,,,,,,,,https://slamwrestling.net/archives/books/,low
466,WWE: Absolutely Everything You Need To Know & How To Be a WWE Superstar,about_wrestling,,,,,,,,,https://slamwrestling.net/archives/books/,low
467,WWE: The New Day: Power Of Positivity,about_wrestling,,,,,,,,,https://slamwrestling.net/archives/books/,low
468,WWE: The Official Cookbook,about_wrestling,,,,,,,,,https://slamwrestling.net/archives/books/,low
469,WWE: The Phenomenal One & WWE Original Graphic Novel: Undertaker Rise of the Deadman,about_wrestling,,,,,,,,,https://slamwrestling.net/archives/books/,low
470,Wahoo,about_wrestling,,,,,,,,,https://slamwrestling.net/archives/books/,low
471,Waking Up: From the Wrestling Ring to the Yoga Mat,about_wrestling,,,,,,,,,https://slamwrestling.net/archives/books/,low
473,Way of the Blade: 100 of the Greatest Bloody Matches in Wrestling History,about_wrestling,,,,,,,,,https://slamwrestling.net/archives/books/,low
474,We Promised You a Great Main Event: An Unauthorized WWE History,about_wrestling,,,,,,,,,https://slamwrestling.net/archives/books/,low
475,What Happened To Our Wrestling?: ...Charlie From Starkville Asks The Fans!,about_wrestling,,,,,,,,,https://slamwrestling.net/archives/books/,low
476,What Pro-Wrestlers Are Showing The Audience,about_wrestling,,,,,,,,,https://slamwrestling.net/archives/books/,low
477,When I Shot Good Guys and Bad Guys (Who Wrestled at the Cow Palace),about_wrestling,,,,,,,,,https://slamwrestling.net/archives/books/,low
478,When It Was Real,about_wrestling,,Crowbar Press,Nikita Breznikov; Scott Teal,,,Nikita Breznikov,,,https://slamwrestling.net/archives/books/,low
479,"When Wrestlers Had Cauliflower Ears: The Life and Times of Ron ""The Golden Gladiator"" Hill",about_wrestling,,,,,,,,,https://slamwrestling.net/archives/books/,low
539,Wilbur Snyder: The World's Most Scientific Wrestler,about_wrestling,,Crowbar Press,Scott Teal,US,territorial,,,,https://www.crowbarpress.com/62-ws.html,high
481,Women Love Wrestling,about_wrestling,,,,,,,,,https://slamwrestling.net/archives/books/,low
482,World Wrestling Insanity: The Decline and Fall of a Family Empire,about_wrestling,,,,,,,,,https://slamwrestling.net/archives/books/,low
484,WrestleMania 2019 Special,about_wrestling,,,,,,,,,https://slamwrestling.net/archives/books/,low
485,WrestleMania: The Official Insider's Story,about_wrestling,,,,,,,,,https://slamwrestling.net/archives/books/,low
486,Wrestleville: Where Wrestling Lives Volume 2,about_wrestling,,,,,,,,,https://slamwrestling.net/archives/books/,low
487,Wrestleville: the Pro Wrestling Vault – Volume 1,about_wrestling,,,,,,,,,https://slamwrestling.net/archives/books/,low
541,Wrestling Archive Project v1,about_wrestling,,Crowbar Press,Scott Teal,US,territorial,,,,https://www.crowbarpress.com/21-wa.html,high
542,Wrestling Archive Project v2,about_wrestling,,Crowbar Press,Scott Teal,US,territorial,,,,https://www.crowbarpress.com/32-wa2.html,high
543,Wrestling Archive Project v3,about_wrestling,,Crowbar Press,Scott Teal,US,territorial,,,,https://www.crowbarpress.com/63-wa3.html,high
490,Wrestling Observer Yearbook 1997: The Last Time WWF was Number Two,about_wrestling,,,,,,,,,https://slamwrestling.net/archives/books/,low
491,"Wrestling Reality – The Life And Mind of Chris Kanyon, Wrestling's Gay Superstar",about_wrestling,,,,,,,,,https://slamwrestling.net/archives/books/,low
492,Wrestling Superstars: Complete Guide to LJN WWF Wrestling Figures,about_wrestling,,,,,,,,,https://slamwrestling.net/archives/books/,low
494,Wrestling Title Histories,about_wrestling,,,,,,,,,https://slamwrestling.net/archives/books/,low
495,Wrestling With Joeylicious,about_wrestling,,,,,,,,,https://slamwrestling.net/archives/books/,low
496,Wrestling With The Devil,about_wrestling,,,,,,,,,https://slamwrestling.net/archives/books/,low
499,Wrestling in Akron: Images on Sports,about_wrestling,,,,,,,,,https://slamwrestling.net/archives/books/,low
500,Wrestling in the Canadian West,about_wrestling,,Crowbar Press,Scott Teal,,,,,,https://slamwrestling.net/archives/books/,low
501,"Wrestling on the Staked Plains: Lubbock, TX 1933-1980",about_wrestling,,,,,,,,,https://slamwrestling.net/archives/books/,low
503,Wrestling with the Truth,about_wrestling,,Crowbar Press,Downtown Bruno; Scott Teal,,,Downtown Bruno,,,https://slamwrestling.net/archives/books/,low
504,Wrestling's 101 Strangest Matches,about_wrestling,,,,,,,,,https://slamwrestling.net/archives/books/,low
505,Wrestling's Heels and Heroes,about_wrestling,,,,,,,,,https://slamwrestling.net/archives/books/,low
506,Wrestling's New Golden Age: How Independent Promotions Have Revolutionized One of America's Favorite Sports,about_wrestling,,,,,,,,,https://slamwrestling.net/archives/books/,low
507,Wrestling's One-Ring Circus: The Death of the World Wrestling Federation,about_wrestling,,,,,,,,,https://slamwrestling.net/archives/books/,low
508,Wrestling's Sinking Ship: What Happens To An Industry With No Competition,about_wrestling,,,,,,,,,https://slamwrestling.net/archives/books/,low
509,Wrestling: A Pictorial History,about_wrestling,,,,,,,,,https://slamwrestling.net/archives/books/,low
510,YES! My Improvable Journey to the Main Event of WrestleMania,about_wrestling,,,,,,,,,https://slamwrestling.net/archives/books/,low
511,You're Gonna Hurt Yourself,about_wrestling,,,,,,,,,https://slamwrestling.net/archives/books/,low
512,Young Bucks: Killing the Business from Backyards to the Big Leagues,about_wrestling,,,,,,,,,https://slamwrestling.net/archives/books/,low
513,Último Dragón: The Graphic Novel,about_wrestling,,,,,,,,,https://slamwrestling.net/archives/books/,low
544,Whatever Happened to Gorgeous George?,about_wrestling,1974,Prentice-Hall,Joe Jares; Scott Teal,US,golden_age,,9780139519673,Sports Illustrated writer's pioneering history of pro wrestling. Reprinted by Crowbar Press.,https://www.crowbarpress.com/22-gg.html,high
520,Drawing Heat,about_wrestling,1988,Black Moss Press,Jim Freedman; Scott Teal,Canada,territorial,,9780887531682,Anthropologist's classic ethnography of life on the indie/Stampede circuit. Reprinted by Crowbar Press.,https://www.crowbarpress.com/10-dh.html,high
46,Black Stars of Professional Wrestling,about_wrestling,1999,,Julian L. D. Shabazz,,,,,,https://slamwrestling.net/archives/books/,medium
345,The Buzz on Professional Wrestling,about_wrestling,2001,Lebhar-Friedman Books,Scott Keith,US,,,9780867308204,Keith's irreverent guide to wrestling's history and personalities.,https://slamwrestling.net/archives/books/,high
483,WrestleCrap: The Very Worst of Pro Wrestling,about_wrestling,2003,ECW Press,R.D. Reynolds,Canada,,,9781550226843,"Catalogue of wrestling's most absurd gimmicks, angles, and ideas.",https://slamwrestling.net/archives/books/,high
621,Tonight... in this Very Ring: A Fan's History of Pro Wrestling,about_wrestling,2004,Citadel Press,Scott Keith,US,,,9780806525853,Keith's affectionate fan-perspective history of wrestling's biggest moments.,,high
624,WrestleCrap and Figure Four Weekly Present: The Death of WCW,about_wrestling,2004,ECW Press,Bryan Alvarez; R.D. Reynolds,Canada,monday_night_wars,,9781550226614,"Definitive autopsy of WCW's collapse, from heyday through 2001 sale.",,high
622,Wrestling's Made Men: Triple H's Reign and the Politics of WWE Champions,about_wrestling,2004,Citadel Press,Scott Keith,US,modern,,9780806525846,Keith on world title politics in the post-Attitude WWE.,,high
653,Lucha Loco: Inside the Crazy World of Lucha Libre,about_wrestling,2005,Ammo Books,Malcolm Venville,Mexico,,,9780971613959,Photography book on contemporary Mexican lucha libre.,,high
3,"Wrestlers Are Like Seagulls"" From McMahon to McMahon",about_wrestling,2005,,"Scott Teal, Philip Varriale James J. Dillon",,,,,,https://slamwrestling.net/archives/books/,medium
497,Wrestling at the Chase: The Inside Story of Sam Muchnick and the Legends of Professional Wrestling,about_wrestling,2005,ECW Press,Larry Matysik,Canada,territorial,,9781550226842,Matysik's insider history of St. Louis Wrestling and his mentor Sam Muchnick.,https://slamwrestling.net/archives/books/,high
40,Big Apple Takedown,about_wrestling,2006,,Rudy Josephs,,,,,,https://slamwrestling.net/archives/books/,medium
2,"Is That Wrestling Fake?"" The Bear Facts",about_wrestling,2006,,Ivan Koloff; Scott Teal,,,,,,https://slamwrestling.net/archives/books/,medium
292,Ringside: A History of Professional Wrestling in America,about_wrestling,2006,Praeger,Scott Beekman,US,,,9780275984014,Academic history of pro wrestling from circus carnivals to WWE.,https://slamwrestling.net/archives/books/,high
19,After The Bell,about_wrestling,2007,,David Hassler; Maggie Anderson,,,,,,https://slamwrestling.net/archives/books/,medium
245,National Wrestling Alliance: The Untold Story of the Monopoly that Strangled Pro Wrestling,about_wrestling,2007,ECW Press,Tim Hornbaker,Canada,territorial,,9781550227413,Definitive history of the NWA cartel from 1948 through its decline.,https://slamwrestling.net/archives/books/,high
258,Pain and Passion: The History of Stampede Wrestling,about_wrestling,2007,ECW Press,Heath McCoy,Canada,territorial,,9781550227871,History of the Hart family's Stampede Wrestling promotion.,https://slamwrestling.net/archives/books/,high
626,WrestleCrap: The Book of Lists,about_wrestling,2007,ECW Press,Blade Braxton; R.D. Reynolds,Canada,,,9781550227628,Lists-based companion to WrestleCrap covering wrestling's worst-of categories.,,high
488,"Wrestling Babylon: Piledriving Tales of Drugs, Sex, Death, and Scandal",about_wrestling,2007,ECW Press,Irvin Muchnick,Canada,,,9781550227611,Investigative essays on wrestling's dark side; nephew of promoter Sam Muchnick.,https://slamwrestling.net/archives/books/,high
18,Adventures in Larryland!,about_wrestling,2008,,Larry Zbyszko,,,,,,https://slamwrestling.net/archives/books/,medium
652,"The World of Lucha Libre: Secrets, Revelations, and Mexican National Identity",about_wrestling,2008,Duke University Press,Heather Levi,Mexico,,,9780822343158,Academic anthropological study of lucha libre's cultural meaning in Mexico.,,high
610,The Midnight Express 25th Anniversary Scrapbook,about_wrestling,2009,self-published,Jim Cornette,US,territorial,,,Cornette's photo-heavy retrospective of the Midnight Express.,,high
637,WWE Encyclopedia of Sports Entertainment,about_wrestling,2009,DK Publishing,Brian Shields; Kevin Sullivan,US,,,9780756655976,Comprehensive WWE-licensed reference book.,,high
8,A Battle Royal in the Sky: The Life and Death of Wrestling's 100 Greatest Gods and Gimmicks,about_wrestling,2012,,Rich Tarantino,,,,,,https://slamwrestling.net/archives/books/,medium
13,"A Pro Wrestling Curriculum; Advice, Suggestions And Stories To Help The Aspiring Pro Get To The Next Level",about_wrestling,2012,,Dr. Tom Prichard,,,,,,https://slamwrestling.net/archives/books/,medium
48,Blood Red Turns Dollar Green,about_wrestling,2012,,Paul O'Brien,,,,,,https://slamwrestling.net/archives/books/,medium
204,"Legends of Pro Wrestling: 150 Years of Headlocks, Body Slams, and Piledrivers",about_wrestling,2012,Sports Publishing,Tim Hornbaker,US,,,9781613210758,Comprehensive A-Z reference of historical wrestlers.,https://slamwrestling.net/archives/books/,high
632,"Mad Dogs, Midgets and Screw Jobs: The Untold Story of How Montreal Shaped the World of Wrestling",about_wrestling,2013,ECW Press,Bertrand Hebert; Pat Laprade,Canada,territorial,,9781770410817,Definitive history of Montreal/Quebec wrestling from the early 20th century.,,high
636,"The Squared Circle: Life, Death, and Professional Wrestling",about_wrestling,2013,Gotham Books,David Shoemaker,US,,,9781592408580,Grantland writer's literary essay collection on wrestlers who died young.,,high
6,30 Years of WrestleMania,about_wrestling,2014,,Brian Shields,,,,,,https://slamwrestling.net/archives/books/,medium
625,The Death of WCW: 10th Anniversary Edition,about_wrestling,2014,ECW Press,Bryan Alvarez; R.D. Reynolds,Canada,monday_night_wars,,9781770411494,Updated and expanded edition of the WCW history.,,high
619,Capitol Revolution: The Rise of the McMahon Wrestling Empire,about_wrestling,2015,ECW Press,Tim Hornbaker,Canada,rock_n_wrestling,,9781770411500,History of the McMahon family promotion from Jess McMahon through Vince Sr.,,high
611,Jim Cornette's Journey Through The Mid-Atlantic Volume 1,about_wrestling,2017,self-published,Jim Cornette,US,territorial,,,Cornette-narrated photo book on Mid-Atlantic Wrestling.,,high
310,Sisterhood of the Squared Circle: The History and Rise of Women's Wrestling,about_wrestling,2017,ECW Press,Dan Murphy; Pat Laprade,Canada,,,9781770413238,Comprehensive history of women's pro wrestling from Mildred Burke to today.,https://slamwrestling.net/archives/books/,high
98,"Death Of The Territories: Expansion, Betrayal and the War That Changed Pro Wrestling Forever",about_wrestling,2018,ECW Press,Tim Hornbaker,Canada,rock_n_wrestling,,9781770413849,How Vince McMahon's WWF expansion in the early 1980s killed the territory system.,https://slamwrestling.net/archives/books/,high
609,Jim Cornette Presents Behind the Curtain: Real Pro Wrestling Stories,about_wrestling,2019,ECW Press,Brady Hicks; Jim Cornette,Canada,territorial,,9781770414716,"Cornette's first storytelling book, drawn from his Drive-Thru podcast.",,high
638,"WWE Encyclopedia of Sports Entertainment, 4th Edition",about_wrestling,2020,DK Publishing,Brian Shields; Steven Pantaleo,US,,,9781465489449,Updated edition through 2020.,,high
21,Alondra,about_wrestling,2022,,A. L. Hawke,,,,,,https://slamwrestling.net/archives/books/,medium
37,Basketball Bo,about_wrestling,2024,,Adam Jack Pelley,,,,,,https://slamwrestling.net/archives/books/,medium
9,A Chosen Destiny: My Story,by_wrestler,,,,,,,,,https://slamwrestling.net/archives/books/,low
515,"ATLAS: Too Much, Too Soon",by_wrestler,,Crowbar Press,Scott Teal; Tony Atlas,US,territorial,Tony Atlas,,,https://www.crowbarpress.com/11-ta.html,high
518,BRISCO,by_wrestler,,Crowbar Press,Jack Brisco; Scott Teal,US,territorial,Jack Brisco,,,https://www.crowbarpress.com/17-jb.html,high
519,BRUISER,by_wrestler,,Crowbar Press,Dick the Bruiser; Scott Teal,US,territorial,Dick the Bruiser,,,https://www.crowbarpress.com/25-db.html,high
516,Battleground Valhalla,by_wrestler,,Crowbar Press,"Michael ""Starbuck"" Majalahti; Scott Teal",US,territorial,"Michael ""Starbuck"" Majalahti",,,https://www.crowbarpress.com/28-sb.html,high
47,Blakwidow: My First Year as a Professional Wrestler,by_wrestler,,,,,,,,,https://slamwrestling.net/archives/books/,low
64,"Bruno Sammartino: An Autobiography of Wrestling's Living Legend & ""Is That Wrestling Fake?"" The Bear Facts",by_wrestler,,,,,,,,,https://slamwrestling.net/archives/books/,low
65,Bruno Sammartino: The Autobiography of Wrestling's Living Legend,by_wrestler,,,,,,,,,https://slamwrestling.net/archives/books/,low
97,"Death Clutch: My Story of Determination, Domination and Survival",by_wrestler,,,,,,,,,https://slamwrestling.net/archives/books/,low
99,Deepak Massand: An Autobiography,by_wrestler,,,,,,,,,https://slamwrestling.net/archives/books/,low
125,Food Fight: My Plant-Powered Journey From The Bingo Halls To The Big Time,by_wrestler,,,,,,,,,https://slamwrestling.net/archives/books/,low
131,"From Saturday Night To Sunday Night: My Forty Years Of Laughter, Tears, And Touchdowns In TV",by_wrestler,,,,,,,,,https://slamwrestling.net/archives/books/,low
524,HOOKER,by_wrestler,,Crowbar Press,Lou Thesz; Scott Teal,US,territorial,Lou Thesz,,,https://www.crowbarpress.com/13-lt.html,high
166,Hulk Hogan: My Life Outside the Ring,by_wrestler,,,,,,,,,https://slamwrestling.net/archives/books/,low
525,Inside Out,by_wrestler,,Crowbar Press,Ole Anderson; Scott Teal,US,territorial,Ole Anderson,,,https://www.crowbarpress.com/01-oa.html,high
526,Is That Wrestling Fake,by_wrestler,,Crowbar Press,Ivan Koloff; Scott Teal,US,territorial,Ivan Koloff,,,https://www.crowbarpress.com/04-ik.html,high
186,Job Man: My Life in Professional Wrestling,by_wrestler,,,,,,,,,https://slamwrestling.net/archives/books/,low
190,Just Tyrus: A Memoir,by_wrestler,,,,,,,,,https://slamwrestling.net/archives/books/,low
202,Latin Thunder: My Journey off the Top Rope,by_wrestler,,,,,,,,,https://slamwrestling.net/archives/books/,low
205,"Life is Short and So Am I – My Life Inside, Outside and Under the Wrestling Ring",by_wrestler,,,,,,,,,https://slamwrestling.net/archives/books/,low
528,Long Days & Short Pays,by_wrestler,,Crowbar Press,Duke West; Scott Teal,US,territorial,Duke West,,,https://www.crowbarpress.com/09-hw.html,high
210,Looking at the Lights: My Path From Fan to a Wrestling Heel,by_wrestler,,,,,,,,,https://slamwrestling.net/archives/books/,low
213,Luscious: The Story of Four Time NWA World Champion Rocky Reynolds & Abusive Relationship: My Attempt to Escape from Professional Wrestling,by_wrestler,,,,,,,,,https://slamwrestling.net/archives/books/,low
529,Master of the Ring,by_wrestler,,Crowbar Press,Buddy Rogers; Scott Teal,US,territorial,Buddy Rogers,,,https://www.crowbarpress.com/61-br.html,high
222,"Mat Memories: My Wild Life in Pro Wrestling, Country Music and With the Mets",by_wrestler,,,,,,,,,https://slamwrestling.net/archives/books/,low
241,My Life in Heaven Town,by_wrestler,,,,,,,,,https://slamwrestling.net/archives/books/,low
532,NIKITA,by_wrestler,,Crowbar Press,Nikita Koloff; Scott Teal,US,territorial,Nikita Koloff,,,https://www.crowbarpress.com/15-nk.html,high
246,New Jack: Memoir of a Pro Wrestling Extremist,by_wrestler,,,,,,,,,https://slamwrestling.net/archives/books/,low
265,Playboy Gary Hart: My Life in Wrestling,by_wrestler,,,,,,,,,https://slamwrestling.net/archives/books/,low
280,"Pure Dynamite: The Autobiography Of Tom ""Dynamite Kid' Billington",by_wrestler,,,,,,,,,https://slamwrestling.net/archives/books/,low
533,Raising Cain v1,by_wrestler,,Crowbar Press,Frankie Cain; Scott Teal,US,territorial,Frankie Cain,,,https://www.crowbarpress.com/56-fc1.html,high
534,Raising Cain v2,by_wrestler,,Crowbar Press,Frankie Cain; Scott Teal,US,territorial,Frankie Cain,,,https://www.crowbarpress.com/57-fc2.html,high
291,Ringman: My Thirty-Two Years in the Surreal World of Pro Wrestling,by_wrestler,,,,,,,,,https://slamwrestling.net/archives/books/,low
300,Saint Mick: My Journey From Hardcore Legend to Santa's Jolly Elf,by_wrestler,,,,,,,,,https://slamwrestling.net/archives/books/,low
527,The Last Laugh,by_wrestler,,Crowbar Press,Bill De Mott; Scott Teal,US,territorial,Bill De Mott,,,https://www.crowbarpress.com/12-bd.html,high
530,"The Mat, the Mob & Music",by_wrestler,,Crowbar Press,Scott Teal; Tom Hankins,US,territorial,Tom Hankins,,,https://www.crowbarpress.com/26-th.html,high
535,The Solie Chronicles,by_wrestler,,Crowbar Press,Gordon Solie; Scott Teal,US,territorial,Gordon Solie,,,https://www.crowbarpress.com/07-gs.html,high
405,The Third Man: My Life And Times Inside The Ring And Out,by_wrestler,,,,,,,,,https://slamwrestling.net/archives/books/,low
406,The Three Count: My Life in Stripes as a WWE Referee,by_wrestler,,,,,,,,,https://slamwrestling.net/archives/books/,low
538,"We Wrestled, We Brawled, We Started It All",by_wrestler,,Crowbar Press,Joel Goodhart; Scott Teal,US,territorial,Joel Goodhart,,,https://www.crowbarpress.com/101-jg.html,high
480,When it Was: My Life on Both Sides of the Camera,by_wrestler,,,,,,,,,https://slamwrestling.net/archives/books/,low
540,Wrestlers Are Like Seagulls,by_wrestler,,Crowbar Press,JJ Dillon; Scott Teal,US,territorial,JJ Dillon,,,https://www.crowbarpress.com/02-jj.html,high
489,Wrestling Is My Gimmick: My Life on the Wrong Side of the Three Count,by_wrestler,,,,,,,,,https://slamwrestling.net/archives/books/,low
493,Wrestling The Hulk: My Life Against The Ropes,by_wrestler,,,,,,,,,https://slamwrestling.net/archives/books/,low
498,"Wrestling for My Life: The Legend, the Reality, and the Faith of a WWE Superstar",by_wrestler,,,,,,,,,https://slamwrestling.net/archives/books/,low
502,Wrestling with Fatherhood: My Championship Journey to My Greatest Title: Dad,by_wrestler,,,,,,,,,https://slamwrestling.net/archives/books/,low
608,Hooker: An Authentic Wrestler's Adventures Inside the Bizarre World of Professional Wrestling,by_wrestler,1995,Wrestling Channel Press,Kit Bauman; Lou Thesz,US,golden_age,Lou Thesz,9780966011418,Thesz's memoir; landmark insider account of the catch-as-catch-can era. Republished by Crowbar Press.,,high
601,Have a Nice Day: A Tale of Blood and Sweatsocks,by_wrestler,1999,ReganBooks/HarperCollins,Mick Foley,US,attitude,Mick Foley,9780061031014,"Foley's first autobiography, written entirely by hand. Frank account of his journey from Long Island fan to ECW/WCW/WWF main-eventer. NYT #1 bestseller.",,high
617,Pure Dynamite: The Price You Pay for Wrestling Stardom,by_wrestler,1999,Winding Stair Press,Alison Coleman; Tom Billington,Canada,rock_n_wrestling,Dynamite Kid,9781552770108,"Brutally honest memoir from the Dynamite Kid; landmark for its candor about pain, drugs, and Stampede.",,high
651,I'm Next: The Strange Journey of America's Most Unlikely Superhero,by_wrestler,2000,Crown Publishers,Bill Goldberg; Steve Goldberg,US,monday_night_wars,Bill Goldberg,9780609606919,Goldberg's autobiography during his WCW peak.,,high
618,Positively Page: The Diamond Dallas Page Journey,by_wrestler,2000,Sports Publishing,Diamond Dallas Page; Larry Genta,US,attitude,Diamond Dallas Page,9781582613048,DDP's autobiography on his late-blooming WCW career and self-help focus.,,high
644,The Rock Says...: The Most Electrifying Man in Sports-Entertainment,by_wrestler,2000,ReganBooks,Joe Layden; The Rock,US,attitude,Dwayne Johnson,9780061030758,"The Rock's first autobiography on his early days, USC, and rapid WWF rise.",,high
602,Foley Is Good: And the Real World Is Faker Than Wrestling,by_wrestler,2001,ReganBooks/HarperCollins,Mick Foley,US,attitude,Mick Foley,9780061031021,"Sequel autobiography covering Foley's late-'90s WWF run, retirement, and the McMahon-Helmsley era.",,high
181,It's True! It's True!,by_wrestler,2001,ReganBooks,John Harper; Kurt Angle,US,attitude,Kurt Angle,9780061031113,Angle's first autobiography focusing on his Olympic gold and WWF debut.,https://slamwrestling.net/archives/books/,high
614,Bobby the Brain: Wrestling's Bad Boy Tells All,by_wrestler,2002,Triumph Books,Bobby Heenan; Steve Anderson,US,rock_n_wrestling,Bobby Heenan,9781572434585,"Heenan's first memoir covering AWA, WWF, and WCW.",,high
612,Hollywood Hulk Hogan,by_wrestler,2002,Pocket Books,Hulk Hogan; Michael Jan Friedman,US,rock_n_wrestling,Hulk Hogan,9780743457651,Hogan's first autobiography covering AWA through nWo.,,high
616,It's Good to Be the King...Sometimes,by_wrestler,2002,WWE Books / Pocket Books,Doug Asheville; Jerry Lawler,US,rock_n_wrestling,Jerry Lawler,9780743457712,"Lawler's memoir covering Memphis, the Andy Kaufman feud, USWA, and WWF.",,high
401,The Stone Cold Truth,by_wrestler,2003,Pocket Books,Dennis Brent; Jim Ross; Steve Austin,US,attitude,Steve Austin,9780743477208,Austin's autobiography covering his career through retirement.,https://slamwrestling.net/archives/books/,high
17,Adam Copeland on Edge,by_wrestler,2004,Pocket Books,Adam Copeland,Canada,attitude,Edge,9780743484619,Edge's first autobiography covering his Toronto upbringing and rise through indie/WWF.,https://slamwrestling.net/archives/books/,high
615,Chair Shots and Other Obstacles,by_wrestler,2004,Triumph Books,Bobby Heenan; Steve Anderson,US,modern,Bobby Heenan,9781572437135,Sequel covering Heenan's cancer fight and life after wrestling.,,high
607,To Be the Man,by_wrestler,2004,Pocket Books,Keith Elliot Greenberg; Mark Madden; Ric Flair,US,territorial,Ric Flair,9780743456906,"Flair's autobiography covering Mid-Atlantic, NWA/WCW, WWF, and his life behind the strut.",,high
77,"Cheating Death, Stealing Life: The Eddie Guerrero Story",by_wrestler,2005,Pocket Books,Eddie Guerrero; Michael Krugman,US,attitude,Eddie Guerrero,9781416505556,"Guerrero's memoir released shortly before his death, covering Mexico, Japan, ECW, WCW, and WWE.",https://slamwrestling.net/archives/books/,high
157,Heartbreak & Triumph: The Shawn Michaels Story,by_wrestler,2005,Pocket Books,Aaron Feigenbaum; Shawn Michaels,US,attitude,Shawn Michaels,9780743493802,HBK's first autobiography covering his career through 2005 comeback.,https://slamwrestling.net/archives/books/,high
472,Walking a Golden Mile,by_wrestler,2005,WWE Books / Pocket Books,Neil Chandler; William Regal,UK,modern,William Regal,9780743490030,Regal's memoir on his British wrestling apprenticeship through WCW and WWE.,https://slamwrestling.net/archives/books/,high
640,Wrestlers Are Like Seagulls: From McMahon to McMahon,by_wrestler,2005,Crowbar Press,J.J. Dillon; Philip Varriale; Scott Teal,US,territorial,J.J. Dillon,,Memoir from the manager of the Four Horsemen and longtime WCW front-office figure.,,high
12,A Lion's Tale: Around The World In Spandex,by_wrestler,2007,Grand Central Publishing,Chris Jericho,Canada,attitude,Chris Jericho,9780446538152,"Jericho's first autobiography covering his early career in Mexico, Japan, ECW and WCW up to his 1999 WWF debut.",https://slamwrestling.net/archives/books/,high
161,Hitman: My Real Life in the Cartoon World of Wrestling,by_wrestler,2007,Grand Central Publishing,Bret Hart,Canada,rock_n_wrestling,Bret Hart,9780446539722,"Bret Hart's massive 568-page autobiography written from his daily journals. Definitive account of the Hart family, Stampede, WWF, the Montreal Screwjob, and his career-ending stroke.",https://slamwrestling.net/archives/books/,high
641,Is That Wrestling Fake? The Bear Facts,by_wrestler,2007,Crowbar Press,Ivan Koloff; Scott Teal,Canada,territorial,Ivan Koloff,,"Memoir from the Russian Bear, the man who beat Bruno Sammartino.",,high
365,The Hardcore Diaries,by_wrestler,2007,Pocket Books,Mick Foley,US,modern,Mick Foley,9781416558569,Diary-style memoir of Foley's 2006 WWE comeback culminating in the ECW One Night Stand match.,https://slamwrestling.net/archives/books/,high
613,My Life Outside the Ring,by_wrestler,2009,St. Martin's Press,Hulk Hogan; Mark Dagostino,US,modern,Hulk Hogan,9780312643041,"Hogan's second memoir, focused on his post-wrestling tabloid life.",,high
603,Countdown to Lockdown,by_wrestler,2010,Grand Central Publishing,Mick Foley,US,modern,Mick Foley,9780446564618,Foley's TNA-era memoir covering his match with Sting at Lockdown 2009.,,high
7,63 Documents the Government Doesn't Want You to Read,by_wrestler,2011,,Jesse Ventura,,,,,Wrestler-turned-Minnesota-governor Jesse Ventura's investigation of suppressed government documents.,https://slamwrestling.net/archives/books/,high
324,Straight From The Hart,by_wrestler,2011,ECW Press,Bruce Hart,Canada,territorial,Hart Family,9781770410374,Bruce Hart's pull-no-punches memoir on the Hart family and Stampede.,https://slamwrestling.net/archives/books/,high
446,"Undisputed: How to Become the World Champion in 1,372 Easy Steps",by_wrestler,2011,Grand Central Publishing,Chris Jericho,Canada,modern,Chris Jericho,9780446538169,Sequel covering his WWF/WWE career through his first retirement.,https://slamwrestling.net/archives/books/,high
649,"Wrestling Reality: The Life and Mind of Chris Kanyon, Wrestling's Gay Superstar",by_wrestler,2011,ECW Press,Chris Kanyon; Ryan Clark,Canada,modern,Chris Kanyon,9781770410220,Posthumously published memoir of WCW/WWE star Chris Kanyon.,,high
650,Booker T: From Prison to Promise,by_wrestler,2012,Medallion Press,Andrew William Wright; Booker T Huffman,US,modern,Booker T,9781605425160,"Booker T's memoir on his troubled youth, prison time, and wrestling career.",,high
339,The Best In The World: At What I Have No Idea,by_wrestler,2014,Gotham Books,Chris Jericho,Canada,modern,Chris Jericho,9781592408795,"Third memoir on Fozzy, his WWE return, podcasting, and DWTS.",https://slamwrestling.net/archives/books/,high
639,"Is Wrestling Fixed? I Didn't Know It Was Broken: From Photo Shoots and Sensational Stories to the WWE Network, Bill Apter's Incredible Pro Wrestling Journey",by_wrestler,2015,ECW Press,Bill Apter,Canada,,,9781770412613,Veteran Apter Magazine photo editor/writer's memoir of his career.,,high
250,No Is a Four-Letter Word: How I Failed Spelling But Succeeded in Life,by_wrestler,2017,Da Capo Press,Chris Jericho,Canada,modern,Chris Jericho,9780306825675,Self-help / memoir hybrid based on Jericho's life rules.,https://slamwrestling.net/archives/books/,high
303,Second Nature: The Legacy of Ric Flair and the Rise of Charlotte,by_wrestler,2017,Thomas Dunne Books,Brian Shields; Charlotte Flair; Ric Flair,US,modern,Ric Flair,9781250105875,Co-authored memoir with daughter Charlotte covering both careers.,https://slamwrestling.net/archives/books/,high
315,Slobberknocker: My Life in Wrestling,by_wrestler,2017,Sports Publishing,Jim Ross; Paul O'Brien,US,modern,Jim Ross,9781683581871,JR's first memoir on his career through 1999.,https://slamwrestling.net/archives/books/,high
443,Under the Black Hat: My Life in the WWE and Beyond,by_wrestler,2020,Tiller Press,Jim Ross; Paul O'Brien,US,modern,Jim Ross,9781982130534,"Sequel covering JR's 2000s WWE tenure, AEW, and Jan's death.",https://slamwrestling.net/archives/books/,high
647,Top Rope Tuesday: A Wrestling Memoir,by_wrestler,2024,,Tony Schiavone,US,modern,Tony Schiavone,,WCW/AEW announcer's memoir.,,high
569,El Gato Negro,fiction,,Azteca Productions,,US,,,,Wrestling-based comic book,https://en.wikipedia.org/wiki/List_of_wrestling-based_comic_books,medium
584,Misfit Wrestling Federation,fiction,,,,US,,,,Independent comic series,https://en.wikipedia.org/wiki/List_of_wrestling-based_comic_books,medium
583,Sensacional de Luchas,fiction,,Mexican publisher,,Mexico,,,,Mexican multi-wrestler anthology comic,https://en.wikipedia.org/wiki/List_of_wrestling-based_comic_books,medium
582,"Santo, El Enmascarado de Plata",fiction,1952,Editorial Jose G. Cruz,Jose G. Cruz,US,,El Santo,,Long-running Mexican comic that helped create the El Santo legend,https://en.wikipedia.org/wiki/List_of_wrestling-based_comic_books,medium
593,Johnny Cougar,fiction,1965,Tiger (UK comic),,UK,,Johnny Cougar,,British comic strip about a Native American pro wrestler,https://en.wikipedia.org/wiki/List_of_wrestling-based_comic_books,medium
594,Kinnikuman,fiction,1979,Shueisha,Yudetamago,Japan,,,,Long-running Japanese wrestling manga; basis for US M.U.S.C.L.E. figures,https://en.wikipedia.org/wiki/List_of_wrestling-based_comic_books,medium
591,Love and Rockets,fiction,1982,Fantagraphics,Jaime Hernandez,US,,,,Indie comic with prominent Mexican-American wrestler characters (Hoppers 13),https://en.wikipedia.org/wiki/List_of_wrestling-based_comic_books,medium
595,Wanna-Be's,fiction,1986,Shogakukan,Hiroyuki Eto,Japan,,,,Japanese women's wrestling manga,https://en.wikipedia.org/wiki/List_of_wrestling-based_comic_books,medium
570,WWF BattleMania,fiction,1991,Valiant Comics,,US,,WWF,,WWF tie-in series,https://en.wikipedia.org/wiki/List_of_wrestling-based_comic_books,medium
571,World Championship Wrestling,fiction,1992,Marvel Comics,,US,,WCW,,WCW tie-in series,https://en.wikipedia.org/wiki/List_of_wrestling-based_comic_books,medium
587,Sonambulo,fiction,1996,Robot Black Films,Rafael Navarro,US,,,,Luchador detective comic,https://en.wikipedia.org/wiki/List_of_wrestling-based_comic_books,medium
580,Warrior,fiction,1996,Ultimate Creations,Jim Callahan,US,,Ultimate Warrior,,Series by The Ultimate Warrior himself,https://en.wikipedia.org/wiki/List_of_wrestling-based_comic_books,medium
573,Mankind,fiction,1999,Chaos! Comics,,US,,Mick Foley,,Mankind one-shot/special,https://en.wikipedia.org/wiki/List_of_wrestling-based_comic_books,medium
579,Nash,fiction,1999,Image Comics,,US,,Kevin Nash,,Limited series based on Kevin Nash,https://en.wikipedia.org/wiki/List_of_wrestling-based_comic_books,medium
574,Stone Cold Steve Austin,fiction,1999,Chaos! Comics,,US,,Steve Austin,,Steve Austin limited series,https://en.wikipedia.org/wiki/List_of_wrestling-based_comic_books,medium
572,Undertaker,fiction,1999,Chaos! Comics,,US,,Undertaker,,WWF Undertaker series,https://en.wikipedia.org/wiki/List_of_wrestling-based_comic_books,medium
578,10th Muse,fiction,2000,Image Comics,,US,,Sable,,Limited series based on Rena Mero (Sable),https://en.wikipedia.org/wiki/List_of_wrestling-based_comic_books,medium
575,Chyna,fiction,2000,Chaos! Comics,,US,,Chyna,,Chyna special,https://en.wikipedia.org/wiki/List_of_wrestling-based_comic_books,medium
231,Mick Foley's Christmas Chaos,fiction,2000,ReganBooks,Mick Foley,US,,,9780061073335,Children's Christmas storybook by Foley.,https://slamwrestling.net/archives/books/,high
577,The Rock,fiction,2000,Chaos! Comics,,US,,Dwayne Johnson,,The Rock special,https://en.wikipedia.org/wiki/List_of_wrestling-based_comic_books,medium
576,Chyna II,fiction,2001,Chaos! Comics,,US,,Chyna,,"Chyna special, follow-up",https://en.wikipedia.org/wiki/List_of_wrestling-based_comic_books,medium
606,Mick Foley's Halloween Hijinx,fiction,2001,ReganBooks,Mick Foley,US,,,9780061073342,Children's Halloween storybook by Foley.,,high
604,Tietam Brown,fiction,2003,Knopf,Mick Foley,US,,,9781400040476,Foley's debut novel — dark coming-of-age story unrelated to wrestling.,,high
588,El Zombo Fantasma,fiction,2004,Dark Horse Comics,Kevin Munroe,US,,,,Three-issue luchador-zombie miniseries,https://en.wikipedia.org/wiki/List_of_wrestling-based_comic_books,medium
590,The Haunted World of El Superbeasto,fiction,2004,MV Creations,Rob Zombie,US,,,,Comic by Rob Zombie featuring a Mexican luchador,https://en.wikipedia.org/wiki/List_of_wrestling-based_comic_books,medium
589,The Nail,fiction,2004,Dark Horse Comics,Rob Zombie,US,,,,Limited series featuring The Nail wrestling family,https://en.wikipedia.org/wiki/List_of_wrestling-based_comic_books,medium
605,Scooter,fiction,2005,Knopf,Mick Foley,US,,,9781400042111,"Foley's second novel, about a young Yankees fan in the Bronx.",,high
642,Crooked Little Vein,fiction,2007,William Morrow,Warren Ellis,US,,,9780060723934,Comic-book writer's debut novel — a Texas underground tour that includes a pivotal pro-wrestling subplot.,,high
596,Rival Angels,fiction,2008,Self-published webcomic,Alan Evans,US,,,,Long-running women's wrestling webcomic,https://en.wikipedia.org/wiki/List_of_wrestling-based_comic_books,medium
592,Headlocked,fiction,2010,Visionary Comics,Michael Kingston,US,,,,Wrestling drama featuring real-wrestler cameos,https://en.wikipedia.org/wiki/List_of_wrestling-based_comic_books,medium
585,Super Pro K.O!,fiction,2010,Oni Press,Jarrett Williams,US,,,,OGN trilogy about a fictional wrestling promotion,https://en.wikipedia.org/wiki/List_of_wrestling-based_comic_books,medium
599,Wanna Be the Strongest in the World,fiction,2010,Akita Shoten,Sai Madara,Japan,,,,Japanese women's pro wrestling manga,https://en.wikipedia.org/wiki/List_of_wrestling-based_comic_books,medium
600,Andre the Giant: Life and Legend,fiction,2014,First Second,Box Brown,US,,Andre the Giant,,Award-winning graphic biography of Andre the Giant,https://en.wikipedia.org/wiki/List_of_wrestling-based_comic_books,medium
586,Ringside,fiction,2015,Image Comics,Joe Keatinge; Nick Barber,US,,,,Image series following a retired wrestler,https://en.wikipedia.org/wiki/List_of_wrestling-based_comic_books,medium
581,Lucha Underground,fiction,2017,Boom! Studios,,US,,Lucha Underground,,Comic tie-in to El Rey TV series,https://en.wikipedia.org/wiki/List_of_wrestling-based_comic_books,medium
598,Invasion from Planet Wrestletopia,fiction,2018,Suspicious Behavior Productions,Dan Schkade; Ed Kuehnel; Matt Entin,US,,,,Sci-fi wrestling comic,https://en.wikipedia.org/wiki/List_of_wrestling-based_comic_books,medium
597,Glorious Wrestling Alliance,fiction,2019,Graphic Universe,Josh Hicks,US,,,,Indie graphic novel about an indie wrestling fed,https://en.wikipedia.org/wiki/List_of_wrestling-based_comic_books,medium
