cmId	name	location	years
1	World Wrestling Entertainment	Stamford, Connecticut, USA	1948-
2	World Championship Wrestling	Atlanta, Georgia, USA	1988-2001
3	Extreme Championship Wrestling	Philadelphia, Pennsylvania, USA	1992-2001
14	Combat Zone Wrestling	Philadelphia, Pennsylvania, USA	1999-
710	Game Changer Wrestling	Howell, New Jersey, USA	1999-
9	National Wrestling Alliance	USA	1948-
10	IWA Mid-South	Jeffersonville, Indiana, USA	1996-2022
11	Ohio Valley Wrestling	Louisville, Kentucky, USA	1996-
39	Xtreme Pro Wrestling	Rochester, New York, USA	1999-2024
41	American Wrestling Association	Minneapolis, Minnesota, USA	1933-1991
32	Smoky Mountain Wrestling	Morristown, Tennessee, USA	1991-1995
316	Juggalo Championship Wrestling	Detroit, Michigan, USA	1999-
300	Universal Wrestling Federation	Marina del Rey, California, USA	1990-1994
293	Jim Crockett Promotions	Charlotte, North Carolina, USA	1931-1988
62	World Class Wrestling Association	Dallas, Texas, USA	1940-1991
30	Jersey All Pro Wrestling	Rahway, New Jersey, USA	1997-2018
152	MCW Pro Wrestling	Joppa, Maryland, USA	1998-
303	Organization Of Modern Extreme Grappling Arts	Cameron, North Carolina, USA	1997-2017
111	Continental Wrestling Association	Memphis, Tennessee, USA	1977-1989
79	Deep South Wrestling	McDonough, Georgia, USA	1986-
24	All Pro Wrestling	Hayward, California, USA	1995-2024
52	World Wrestling Council	San Juan, Puerto Rico, USA	1973-
352	Northeast Wrestling	Cornwall-on-Hudson, New York, USA	1996-
64	Universal Wrestling Federation	Oklahoma City, Oklahoma, USA	1953-1987
1024	Kaiju Big Battel	New York City, New York, USA	1995-
21	East Coast Wrestling Association	Morganville, New Jersey, USA	1967-
237	Ultimate Pro Wrestling	Santa Ana, California, USA	1998-2007
20	Revolution Pro Wrestling	City Of Industry, California, USA	1999-2004
51	International Wrestling Association Puerto Rico	Puerto Rico, USA	1994-
288	American Wrestling Federation	Chicago, Illinois, USA	1994-1996
84	Global Wrestling Federation	Dallas, Texas, USA	1991-1994
63	United States Wrestling Association	Memphis, Tennessee, USA	1989-1997
336	Xpress Wrestling	McKeesport, Pennsylvania, USA	1995-
1838	2KW Pro Wrestling	New York City, New York, USA	1999-2016
3069	AIWF Mid Atlantic Wrestling	Mount Airy, North Carolina, USA	1992-
2150	Ad Santel Promotions	Oakland, California, USA	1931-1961
2253	Al Mayer Booking Agency	New York City, New York, USA	1936-1952
2035	All American Wrestling	Eau Claire, Wisconsin, USA	1998-2002
2058	All American Wrestling	Swarthmore, Pennsylvania, USA	1997-1999
2333	All Pro Wrestling	Tennessee, USA	1994-1999
4437	All Pro Wrestling	Jeffersonville, Indiana, USA	1990-
2364	All Star Wrestling	Paducah, Kentucky, USA	1995-1999
1904	All-American Pro Wrestling	Michigan, USA	1993-1994
2313	All-American Wrestling	Virginia, USA	1985-1998
369	All-South Wrestling Alliance	Atlanta, Georgia, USA	1972-1974
867	All-Star Wrestling	Atlanta, Georgia, USA	1993-1999
4312	All-Star Wrestling Association	Epping, New Hampshire, USA	1996-2006
2901	All-Star Wrestling Federation	Reading, Pennsylvania, USA	1994-1996
1828	All-Star Wrestling Omaha	Omaha, Nebraska, USA	xx.11.1957-xx.09.1972
590	All-State Wrestling	Shelbyville, Tennessee, USA	1994-2013
1790	Allen Athletic Club	Louisville, Kentucky, USA	1935-1957
776	Allied Independent Wrestling Federations	Mount Airy, North Carolina, USA	1992-
578	Allied Powers Wrestling Federation	Commodore, Pennsylvania, USA	1998-
2303	Alternative Championship Wrestling	North Carolina, USA	1994-2002
3445	America's Academy Of Pro Wrestling	Austin, Texas, USA	1990-
2329	America's Best Wrestling Federation	Tennessee, USA	1996-1996
2361	American Championship Wrestling	Myrtle Beach, South Carolina, USA	1993-2000
2855	American Championship Wrestling	Salem, Virginia, USA	1988-2015
2059	American Commonwealth Wrestling	Pennsylvania, USA	1993-1995
2515	American Premier Wrestling	Slatesboro, Georgia, USA	1999-
2352	American Sports Wrestling	Tennessee, USA	1996-2018
983	American States Wrestling Alliance	Mansfield, Ohio, USA	1989-
668	American Wrestling Alliance	San Francisco, California, USA	1961-1981
988	American Wrestling Association	Boston, Massachusetts, USA	1919-1960
343	American Wrestling Association Superstars Of Wrestling	Rochester, Minnesota, USA	1996-2010
1869	American Wrestling Council	New Jersey, USA	1997-1998
862	American Wrestling Federation	Phoenix, Arizona, USA	1994-1997
4359	American Wrestling Organization	Albert Lea, Minnesota, USA	1997-2001
764	Anvil Promotions	Tampa, Florida, USA	1993-1994
2724	Appalachia Pro Wrestling	Oak Hill, West Virginia, USA	1999-2002
2315	Appalachian Mountain Wrestling	Elizabethton, Tennessee, USA	1998-1999
2736	Appalachian Wrestling Federation	Kentucky, USA	1999-2008
2229	Arizona Athletic Association Inc.	Tucson, Arizona, USA	1944-1972
2286	Atlantic Championship Wrestling	Vineland, New Jersey, USA	1999-2000
2334	Atlantic Coast Championship Wrestling	North Carolina, USA	1997-2004
3164	Atlantic Terror Championship Wrestling	West Virginia, USA	1999-
699	Bad 2 The Bone Wrestling	Bardstown, Kentucky, USA	1996-2007
1140	Bad Boys Of Wrestling	Bridgeport, Texas, USA	1997-2020
719	Battlezone Championship Wrestling	Magee, Mississippi, USA	1998-
1738	Big Bear Promotions	Arizona, USA	1964-1965
679	Big D Pro Wrestling	Dallas, Texas, USA	1993-1994
374	Big Time Wrestling	Fremont, California, USA	1996-
537	Big Time Wrestling	Webster, Massachusetts, USA	1961-
400	Big Time Wrestling	Detroit, Michigan, USA	1945-1980
2478	Big Time Wrestling	Huntington, West Virginia, USA	1997-
3600	Bill Lewis Athletic Corporation	Richmond, Virginia, USA	1939-1961
2223	Bloody Rage American Wrestling League	New Jersey, USA	1999-2019
1709	CWA Championship Wrestling	Corinth, Mississippi, USA	1998-
2949	Cal Herman Promotions	Marysville, California, USA	1935-1958
2354	Carolina Championship Wrestling	North Carolina, USA	1995-1997
1997	Casino Championship Wrestling	Lula, Mississippi, USA	1998-1998
2390	Central Carolina Pro Wrestling	North Carolina, USA	1998-1999
208	Central States Wrestling	Kansas City, Kansas, USA	1930-1989
364	Century Wrestling Alliance	Boston, Massachusetts, USA	1989-2007
1231	Championship International Wrestling	Waterloo, Indiana, USA	1998-
335	Championship Pro Wrestling	West Virginia, USA	1997-
3150	Championship Wrestling	Youngstown, Ohio, USA	1995-2001
821	Championship Wrestling America	Indianapolis, Indiana, USA	1993-1996
360	Championship Wrestling Federation	Michigan, USA	1996-1997
67	Championship Wrestling From Florida	Tampa, Florida, USA	1949-1987
530	Championship Wrestling From Georgia	Atlanta, Georgia, USA	1984-1985
2177	Clark Sports Inc.	Chicago, Illinois, USA	1950-1955
209	Cleveland All-Pro Wrestling	Cleveland, Ohio, USA	1993-2011
2462	Cleveland Wrestling Alliance	Cleveland, Ohio, USA	1996-
588	Confederate Wrestling Alliance	Dallas, Texas, USA	1995-1997
2434	Connecticut Championship Wrestling	Milford, Connecticut, USA	1999-2007
2693	Continental Wrestling Federation	Knoxville, Tennessee, USA	1974-1989
2363	Cumberland Wrestling Council	Tennessee, USA	1991-1999
2966	Dangerous Women Of Wrestling	Philadelphia, Pennsylvania, USA	1999-2007
1925	Deaf Wrestlefest	Edgewood, Pennsylvania, USA	1994-2012
714	East Coast Pro Wrestling	New Jersey, USA	1991-
2114	Eastern Sports Enterprises	New York City, New York, USA	1932-1957
2302	Eastern States Wrestling	Troy, New York, USA	1994-2000
2295	Eastern Townships Wrestling Association	Newport, Vermont, USA	1992-
2279	Eastern Wrestling Alliance	Springfield, Massachusetts, USA	1997-
2351	Eastern Wrestling Association	Lexington, North Carolina, USA	1974-1989
2220	El Paso Wrestling Association	El Paso, Texas, USA	1918-1950
3385	Empire Wrestling Alliance	Jackson, New Jersey, USA	1996-2005
164	Empire Wrestling Federation	San Bernardino, California, USA	1996-
452	Extreme Wrestling Federation	Marion, Indiana, USA	1998-2012
244	Far North Wrestling	Pittsburgh, Pennsylvania, USA	1999-2011
4026	Fire And Ice Wrestling	Columbus, Ohio, USA	1999-2002
2203	Five Star Wrestling	Baker, Louisiana, USA	1990-1990
2321	Florida Championship Wrestling	Miami, Florida, USA	1991-2002
2387	Florida Wrestling Federation	Florida, USA	1992-2002
532	French Lake Wrestling Association	Minnesota, USA	1990-2022
1026	Fuerza Mexicana de Lucha Libre	Los Angeles, California, USA	1999-
392	Funkin' Conservatory	Ocala, Florida, USA	1997-
112	Future Of Wrestling	Florida, USA	1998-2013
495	Future Wrestling Alliance	Palo Alto, Pennsylvania, USA	1998-2000
66	Georgia Championship Wrestling	Atlanta, Georgia, USA	1944-1984
2353	Georgia Independent Wrestling Alliance	Bremen, Georgia, USA	1995-1996
2756	Global Pro Wrestling	Paris, Arkansas, USA	1995-2006
2335	Global Wrestling Alliance	Lima, Ohio, USA	1993-1999
2282	Gorgeous Ladies Of Wrestling	Las Vegas, Nevada, USA	1985-1992
2065	Grande Wrestling Alliance	Philadelphia, Pennsylvania, USA	1997-1999
2306	Great American Wrestling Federation	Asheville, North Carolina, USA	1995-2000
475	Great Lakes Championship Wrestling	Grafton, Wisconsin, USA	1997-
1636	Great Lakes Wrestling	Westland, Michigan, USA	1995-2004
2846	Great Lakes Wrestling Association	Euclid, Ohio, USA	1986-1994
1988	Green Mountain Wrestling	Montpelier, Vermont, USA	1996-
1044	Gulf Athletic Club	Houston, Texas, USA	1926-1987
499	Gulf Coast Championship Wrestling	Dothan, Alabama, USA	1954-1978
684	Half Pint Brawlers	Chicago, Illinois, USA	1999-
2278	Hardcore Wrestling Alliance	New York, New York, USA	1999-2000
1014	Hardway Wrestling	Bethlehem, Pennsylvania, USA	1998-2004
102	Heartland Wrestling Association	Cincinnati, Ohio, USA	1996-2015
1469	Hoosier Pro Wrestling	Columbus, Indiana, USA	1998-2020
1312	House Of Pain Wrestling Federation	Chambersburg, Pennsylvania, USA	1997-
779	ICW Pro Wrestling	North Carolina, USA	1990-2009
2162	IPW Hardcore Wrestling	St. Petersburg, Florida, USA	1997-2003
1116	Iconic Heroes Of Wrestling Excellence	Fort Worth, Texas, USA	1998-2022
2684	Incredibly Strange Wrestling	San Francisco, California, USA	1995-2007
2283	Independent Connecticut Championship Wrestling	Plainfield, Connecticut, USA	1999-2002
1901	Independent Professional Wrestling Alliance	Virginia, USA	1996-2000
330	Independent Superstars Of Pro Wrestling	Stockholm, New Jersey, USA	1998-
254	Independent Wrestling Federation	West Paterson, New Jersey, USA	1998-
2621	Infinity Wrestling Federation	Philadelphia, Pennsylvania, USA	1999-2000
477	Insane Championship Wrestling	Michigan, USA	1993-2000
366	International Championship Wrestling	Missouri, USA	1986-2012
406	International Championship Wrestling	Lexington, Kentucky, USA	1978-1985
656	International Championship Wrestling Alliance	Florida, USA	1989-1995
2089	International Pro Wrestling	Harrisburg, Pennsylvania, USA	1996-2004
2326	International Pro Wrestling	Asheville, North Carolina, USA	1996-1996
407	International World Class Championship Wrestling	Boston, Massachusetts, USA	1984-1995
2324	International Wrestling Alliance	Columbus, Ohio, USA	1988-2019
1936	International Wrestling Association	Cleveland, Ohio, USA	1975-1977
2260	International Wrestling Association	Girard, Ohio, USA	1989-
2715	International Wrestling Enterprises	El Paso, Texas, USA	1962-1964
782	International Wrestling Federation	Reading, Massachusetts, USA	1979-1996
2086	Jack Pfefer Promotions	New York City, New York, USA	1924-1967
2179	Jim Henry Promotions	Denver, Colorado, USA	1956-19xx
1963	Johnston Enterprises	New York City, New York, USA	1912-25.11.1956
2737	KYDA Pro Wrestling	Morgantown, West Virginia, USA	1998-
1871	Kentuckiana Championship Wrestling	Louisville, Kentucky, USA	1997-1998
2348	Ladies International Wrestling Association	North Carolina, USA	1990-2000
541	Ladies Professional Wrestling Association	Laughlin, Nevada, USA	1989-1992
3500	Lakeshore Wrestling Organization	Holland, Michigan, USA	1999-2000
3601	Lexington Athletic Club	Lexington, Kentucky, USA	1913-1957
1577	Liberty All-Star Wrestling	Chester Heights, Pennsylvania, USA	1994-
1129	Lonestar Championship Wrestling	Balch Springs, Texas, USA	1998-2002
3732	Long Island Wrestling Federation	New York City, New York, USA	1997-2002
3205	Lunatic Wrestling Federation	Mokena, Illinois, USA	1997-2004
2113	Manhattan Wrestling Enterprises	New York City, New York, USA	1948-1957
638	Mason-Dixon Wrestling	Nutter Fort, West Virginia, USA	1997-2010
797	Mega Championship Wrestling	Elyra, Ohio, USA	1999-
113	Memphis Championship Wrestling	Memphis, Tennessee, USA	1999-2001
808	Mexican Wrestling Federation	California, USA	1994-
2337	Michigan Wrestling Alliance	Michigan, USA	1997-2001
108	Mid American Wrestling	Milwaukee, Wisconsin, USA	1993-2007
413	Mid Atlantic Championship Wrestling	Charlotte, North Carolina, USA	1998-
105	Mid Eastern Wrestling Federation	Maryland, USA	1991-2004
2405	Mid South Wrestling	Louisiana, USA	1998-1999
2372	Mid-American Wrestling Association	Wisconsin, USA	1987-1990
1939	Mid-Eastern Championship Wrestling	Winchester, West Virginia, USA	1995-1998
1715	Mid-Missouri Wrestling Alliance	St. Louis, Missouri, USA	1985-
483	Mid-Pacific Promotions	Hawaii, USA	1936-1979
491	Midwest Pro Wrestling	Minneapolis, Minnesota, USA	1999-2006
281	Midwest Renegade Wrestling	St. Louis, Missouri, USA	1998-2000
357	Midwest Territorial Wrestling	Michigan, USA	1994-1999
1835	Midwest Wrestling Association	Columbus, Ohio, USA	1919-1965
2404	Millennium Wrestling Alliance	Muscle Shoals, Alabama, USA	1998-2000
531	Minnesota Independent Wrestling	Chanhassen, Minnesota, USA	1999-
1811	Mississippi Valley Sports Club	St. Louis, Missouri, USA	1922-1958
2159	Mississippi Wrestling Enterprise	Mississippi, USA	1977-1979
2103	Montana Sports Enterprises	Great Falls, Montana, USA	1946-1952
2350	Motor City Wrestling	Michigan, USA	1992-1997
2411	Mountain Wrestling Association	Kentucky, USA	1983-2013
114	Music City Wrestling	Nashville, Tennessee, USA	1994-2000
2690	NWAA	Malden, Missouri, USA	1963-1987
2296	National Championship Wrestling	Cornelia, Georgia, USA	1995-
1028	National Wrestling Alliance 2000	Vineland, New Jersey, USA	1997-2000
202	National Wrestling Alliance Championship Wrestling America	New Jersey, USA	1992-2000
677	National Wrestling Alliance Chicago	Chicago, Illinois, USA	1925-1965
942	National Wrestling Alliance Dallas	Dallas, Texas, USA	1994-1995
418	National Wrestling Alliance East	McKeesport, Pennsylvania, USA	1999-2012
23	National Wrestling Alliance Florida	St. Petersburg, Florida, USA	1994-2005
2338	National Wrestling Alliance Great Lakes	Michigan, USA	1997-2002
373	National Wrestling Alliance Hollywood Wrestling	Los Angeles, California, USA	1958-1982
720	National Wrestling Alliance Indianapolis	Indianapolis, Indiana, USA	1950-1964
1852	National Wrestling Alliance Iowa	Des Moines, Iowa, USA	1928-1959
682	National Wrestling Alliance Los Angeles	Los Angeles, California, USA	1949-1958
674	National Wrestling Alliance Mid-America	Tennessee, USA	1940-1981
53	National Wrestling Alliance Midwest	Streamwood, Illinois, USA	1998-2011
2105	National Wrestling Alliance New Mexico	Albuquerque, New Mexico, USA	1950-1982
3400	National Wrestling Alliance New York	New York, USA	1994-2000
465	National Wrestling Alliance Polynesian Wrestling	Hawaii, USA	1979-1988
356	National Wrestling Alliance Sabu	Michigan, USA	1994-1995
1678	National Wrestling Alliance San Francisco	San Francisco, California, USA	1935-1962
419	National Wrestling Alliance Southwest	Dallas, Texas, USA	1998-2011
2758	National Wrestling Alliance Tri-State	West Virginia, USA	1998-2007
721	National Wrestling Alliance Upstate	New York, USA	1932-1970
442	National Wrestling Alliance Western States Sports	Amarillo, Texas, USA	1946-1981
15	National Wrestling Alliance Wildside	Cornelia, Georgia, USA	1998-2005
258	National Wrestling Alliance World League Wrestling	Troy, Missouri, USA	1999-
989	National Wrestling Association	New York, USA	1929-197x
358	National Wrestling Conference	Las Vegas, Nevada, USA	1994-1998
739	National Wrestling Federation	Cleveland, Ohio, USA	1970-1994
430	National Wrestling League	Hagerstown, Maryland, USA	1988-2021
2410	Nationwide Championship Wrestling	Kentucky, USA	1998-2005
2395	New Breed Wrestling	Schenectady, New York, USA	1998-1999
2297	New Dimension Wrestling	Greensboro, North Carolina, USA	1997-2000
1143	New Division Of Independent Wrestling	New York City, New York, USA	1999-2016
2305	New England Wrestling Federation	Colchester, Vermont, USA	1991-2001
555	New Frontier Wrestling Alliance	North Carolina, USA	1995-1996
2366	New Jack City Wrestling	Neptune, New Jersey, USA	1995-1998
3449	New Tradition Lucha Libre	California, USA	1999-
2910	New World Wrestling	Morganton, North Carolina, USA	1993-1995
2864	North American Wrestling	Pittsburgh, Pennsylvania, USA	1986-1995
2342	North American Wrestling Alliance	North Carolina, USA	1982-
2914	North American Wrestling Alliance	Mount Vernon, New York, USA	1989-
1690	North American Wrestling Federation	Whitewater, Wisconsin, USA	1998-2012
319	North Georgia Wrestling Alliance	Georgia, USA	1992-1997
591	Northeast Championship Wrestling	Rhode Island, USA	1997-
2024	Northern Premier Wrestling	Gibbon, Minnesota, USA	1994-2000
1819	Northern States Wrestling Alliance	Westland, Michigan, USA	1997-1998
1650	Northern Wrestling Federation	Cincinnati, Ohio, USA	1994-
2508	Northern Wrestling Federation	Spooner, Wisconsin, USA	1998-1999
799	Oregon Pro Wrestling Federation	Portland, Oregon, USA	1994-1995
408	Pacific Northwest Wrestling	Portland, Oregon, USA	1925-1997
1844	Pacific Wrestling Federation	Washington, USA	1999-2004
2373	Packerland Pro Wrestling	Wisconsin, USA	1990-
2854	Pagoda Pro Wrestling	Reading, Pennsylvania, USA	1999-2021
106	Pennsylvania Championship Wrestling	Reading, Pennsylvania, USA	1995-2001
2427	Pennsylvania Wrestling Alliance	Philadelphia, Pennsylvania, USA	1998-2000
2266	Pfefer-Martinez-Kwariani Promotions	New York City, New York, USA	1959-1960
2146	Phoenix Championship Wrestling	New Jersey, USA	1999-2003
2823	Piledriver Promotions	Kansas City, Kansas, USA	1991-1992
556	Pittsburgh Wrestling League	North Versailles, Pennsylvania, USA	1999-2001
3503	Plymouth Championship Wrestling	Sioux City, Iowa, USA	1998-2007
1870	Portland Wrestling	Portland, Oregon, USA	1997-1998
353	Power League Wrestling	Pawtucket, Rhode Island, USA	1991-2016
1010	Power Pro Wrestling	Memphis, Tennessee, USA	1998-2001
2357	Power Zone Wrestling Alliance	Oklahoma City, Oklahoma, USA	1992-1997
2032	Powerhouse Pro Wrestling	Richfield, Wisconsin, USA	1993-2010
2930	Powerhouse Wrestling Xtreme	Streator, Illinois, USA	1993-2023
317	Powerslam Wrestling	Georgia, USA	1996-1996
722	Premier Wrestling Federation Northeast	Providence, Rhode Island, USA	1998-2013
1696	Pro Championship Wrestling	Oroville, California, USA	1999-
109	Pro Wrestling America	Minneapolis, Minnesota, USA	1985-
1565	Pro Wrestling America	New York City, New York, USA	1997-1998
205	Pro Wrestling Federation	North Carolina, USA	1990-1999
3105	Pro Wrestling International	Illinois, USA	1996-2000
4429	Pro Wrestling International	Indianapolis, Indiana, USA	1995-2010
902	Pro Wrestling Mid South	Dyersburg, Tennessee, USA	1997-
694	Pro Wrestling USA	USA	1984-1986
405	Professional Wrestling Federation	Tampa, Florida, USA	1988-1991
2752	Ray Fabiani Sports Inc	Philadelphia, Pennsylvania, USA	1925-1955
3642	Rayburn Wright Promotions	Waco, Texas, USA	1930-1952
2409	Real Deal Pro Wrestling	Fairfield, Ohio, USA	1997-1999
2897	Ring Wars Carolina	Hope Mills, North Carolina, USA	1996-
2778	Rocky Mountain Sports Enterprises	Colorado, USA	1933-1950
2017	Salt Lake Wrestling Club	Idaho, USA	1950-196x
2070	Sam Avey Promotions	Oklahoma City, Oklahoma, USA	1923-1958
462	Slam All-Star Wrestling	Alburgh, Vermont, USA	1999-2015
315	Slammers Wrestling Federation	Bakersfield, California, USA	1986-1998
415	South Atlantic Pro Wrestling	South Carolina, USA	1990-1992
3421	South Coast Championship Wrestling	Massachusetts, USA	1999-2005
2458	South Eastern Wrestling Alliance	North Carolina, USA	1991-1998
2477	Southern California Championship Wrestling	California, USA	1997-2005
1886	Southern California Wrestling Association	Los Angeles, California, USA	1999-2021
203	Southern Championship Wrestling	Raleigh, North Carolina, USA	1994-2004
1543	Southern Championship Wrestling	Knoxville, Tennessee, USA	1981-1982
2270	Southern Championship Wrestling	Clinton, South Carolina, USA	1995-2017
2375	Southern Championship Wrestling	Tennessee, USA	1995-1999
2686	Southern Championship Wrestling	Marietta, Georgia, USA	1987-1991
376	Southern Championship Wrestling Florida	DeBary, Florida, USA	1998-2019
1646	Southern Illinois Championship Wrestling	East Carondelet, Illinois, USA	1974-
204	Southern States Wrestling	Kingsport, Tennessee, USA	1991-
2320	Southern Wrestling Association	Tennessee, USA	1992-1999
681	Southwest Championship Wrestling	San Antonio, Texas, USA	1978-1986
1128	Southwest Premier Wrestling	Tyler, Texas, USA	1999-2009
381	Spectator Sports	Pittsburgh, Pennsylvania, USA	1958-1974
347	St. Louis Wrestling Club	St. Louis, Missouri, USA	1942-1985
107	Steel City Wrestling	Irwin, Pennsylvania, USA	1994-1999
333	Steel Domain Wrestling	West St. Paul, Minnesota, USA	1998-2024
4323	Superstar Championship Wrestling	Seattle, Washington, USA	1973-1976
2408	Superstars Of Wrestling	Texas, USA	1998-2000
1618	Supreme Wrestling	Madison, Indiana, USA	1999-
589	Tennessee Mountain Wrestling	Knoxville, Tennessee, USA	1995-2007
2281	Terminal Athletic Club	Toledo, Ohio, USA	1936-1960
2407	Texas All Pro Wrestling	Houston, Texas, USA	1989-2016
2376	Texas All-Star Wrestling	Cypress, Texas, USA	1994-
2406	Texas Outlaw Promotions	Mineral Wells, Texas, USA	1993-2003
110	Texas Wrestling Entertainment	San Antonio, Texas, USA	1999-
416	Texas Wrestling Federation	Texas, USA	1990-1991
2769	The Outlaws Of Championship Wrestling	Ohio, USA	1999-2002
2200	Three Rivers Wrestling Association	West Virginia, USA	1977-1987
337	Top Rope Promotions	Fall River, Massachusetts, USA	1981-
2902	Tornado Pro Wrestling	Tulsa, Oklahoma, USA	1997-2006
3276	Total Wrestling Federation	Sacramento, California, USA	1998-
2428	Trans World Wrestling Alliance	Pennsylvania, USA	1998-2004
1807	Trans World Wrestling Federation	Allentown, Pennsylvania, USA	1985-1996
2328	Tri-County Wrestling	Philadelphia, Pennsylvania, USA	1995-1998
777	Tri-Star Wrestling Alliance	Dalton, Georgia, USA	1991-1996
2087	Tri-State Sports	Spokane, Washington, USA	1947-1966
822	Tri-State Wrestling	Lexington, Kentucky, USA	1993-1995
1697	Tri-State Wrestling	Montgomery, Alabama, USA	1971-1974
359	Tri-State Wrestling Alliance	Philadelphia, Pennsylvania, USA	1989-2011
1985	UPW Pro Wrestling	Gladstone, Michigan, USA	1999-
34	USA Pro Wrestling	Orlando, Florida, USA	1994-2022
2077	Ultimate Championship Wrestling	Kentucky, USA	1997-
2308	Ultimate Championship Wrestling	Louisa, Virginia, USA	1995-2022
2336	Ultimate Championship Wrestling	New York, USA	1995-1999
2371	Ultimate Championship Wrestling	Minnesota, USA	1995-1999
3924	Ultra Championship Wrestling	Rapid City, South Dakota, USA	1998-2005
3147	Underground Wrestling Alliance	River Rouge, Michigan, USA	1998-2002
2393	Unified Championship Wrestling	Rhode Island, USA	1998-2000
2365	United States Championship Wrestling	Pennsylvania, USA	1994-1999
3014	United States Wrestling Federation	New York, USA	1995-1996
2727	United States Wrestling League	Butler, Pennsylvania, USA	1993-1999
2325	United World Wrestling Alliance	Mercerville, New Jersey, USA	1996-2001
289	United Wrestling Alliance	Texas, USA	1993-2007
1449	United Wrestling Coalition	Wrightstown, New Jersey, USA	1998-
2868	Universal Championship Wrestling	Lorain, Ohio, USA	1997-2001
4239	Universal Championship Wrestling	Nashua, New Hampshire, USA	1992-1994
780	Universal Superstars Of America	New York, USA	1992-1997
2878	Universal Wrestling	Ohio, USA	1974-1975
3229	Universal Wrestling Alliance	Aurora, Illinois, USA	1998-2001
1502	Universal Wrestling Superstars	New York, New York, USA	1989-1994
2763	Victory World Wrestling	West Mifflin, Pennsylvania, USA	1997-1999
1236	Violent Championship Wrestling	Ohio, USA	1999-2003
1210	Virginia Championship Wrestling	Suffolk, Virginia, USA	1996-
4435	West Virginia Wrestling Federation	Parkersburg, West Virginia, USA	1996-
2088	Western Athletic Club	Portland, Oregon, USA	1922-1958
687	Western Pennsylvania Wrestling Alliance	Pennsylvania, USA	1999-2000
801	Western States Alliance	California, USA	1981-1982
2377	Wild Championship Wrestling Outlaws	Indianapolis, Indiana, USA	1997-
706	Windy City Pro Wrestling	Sycamore, Illinois, USA	1988-
385	Wisconsin Pro Wrestling	Green Bay, Wisconsin, USA	1998-2023
2034	World All-Star Wrestling Alliance	Minneapolis, Minnesota, USA	1998-2002
1899	World Athletic Association	Arizona, USA	1960-1972
2882	World Class Independent Championship Wrestling	Tamaqua, Pennsylvania, USA	1993-
2210	World Classic Professional Big Time Wrestling	Chillicothe, Ohio, USA	1977-
3130	World Of Hurt Wrestling	Rutland, Vermont, USA	1998-
1934	World Power Wrestling	Anaheim, California, USA	1996-2024
1133	World Wide Wrestling Alliance	Colmar, Pennsylvania, USA	1981-
512	World Wrestling Alliance	Massachusetts, USA	1996-2010
2031	World Wrestling Alliance 4	Atlanta, Georgia, USA	1995-
103	World Wrestling Association	Indianapolis, Indiana, USA	1964-1987
675	World Wrestling Association	New Jersey, USA	1988-1998
1226	World Wrestling Association	Puerto Rico, USA	1996-2001
2367	World Wrestling Coalition	New Jersey, USA	1997-1998
2389	World Wrestling Empire	Oklahoma, USA	1990-1996
361	World Wrestling Network	USA	1993-1994
1251	World Wrestling Organization	New York City, New York, USA	1995-2014
2426	World Wrestling Stars Alliance	New Jersey, USA	1998-2005
26	World Xtreme Wrestling	Minneola, Florida, USA	1996-2024
2382	Wrestling In The USA - Freelance Shows	USA	1900-
1903	Wrestling Independent Network	Dundalk, Maryland, USA	1992-1993
4428	XW 2000	Pensacola, Florida, USA	1999-2008
955	Xtreme Championship Wrestling	Denton, Texas, USA	1999-2010
