cmId	name	matchCount	firstDate	lastDate
1149	Dick The Bruiser	332	1964-03-26	1987-08-08
3275	Wilbur Snyder	265	1964-03-26	1983-06-25
942	Moose Cholak	258	1964-05-15	1987-08-08
5457	Paul Christy	183	1967-09-30	1985-11-09
631	Angelo Poffo	145	1964-03-26	1972-10-23
3986	Prince Pullins	145	1964-12-25	1977-02-19
2531	Spike Huber	125	1975-04-19	1984-01-07
2605	Jerry Valiant	121	1964-06-16	1984-02-18
10810	Bobby Bold Eagle	119	1967-09-09	1983-11-19
262	Baron von Raschke	118	1969-08-23	1980-11-15
3036	Mitsu Arakawa	110	1966-08-20	1975-09-20
491	Blackjack Lanza	105	1966-11-24	1973-02-24
1150	Jimmy Valiant	102	1972-12-26	1978-12-02
770	Bobby Heenan	96	1966-05-07	1979-12-08
3968	Steve Regal	91	1975-11-29	1983-10-08
3283	Joe Tomasso	82	1965-07-17	1970-04-18
6762	Luis Martinez	80	1966-05-07	1980-08-22
868	Johnny Valiant	79	1973-10-13	1981-09-19
3049	Art Thomas	77	1971-11-06	1980-11-15
1929	Bob Ellis	71	1964-05-29	1975-04-19
12746	Ken Dillinger	71	1968-10-12	1977-12-26
852	Bobo Brazil	70	1964-12-25	1985-01-19
5068	Pvt. Don Fargo	66	1968-10-12	1975-04-15
21615	El Bracero	63	1972-07-15	1987-08-08
1392	Bill Miller	57	1964-03-26	1976-12-11
1973	Pepper Gomez	57	1973-06-16	1979-04-01
9027	Nicoli Volkoff	57	1964-03-26	1973-04-14
325	Blackjack Mulligan	55	1971-09-18	1981-10-11
1139	Ernie Ladd	53	1966-03-24	1980-11-29
1138	The Crusher	50	1966-12-28	1979-12-08
6820	Johnny Starr	50	1974-07-20	1981-09-19
9005	Billy Red Cloud	49	1972-01-13	1973-12-27
13565	Johnny Kace	48	1964-07-03	1973-11-17
8553	Ali Hassan	47	1977-03-05	1982-06-05
10584	Tom Lynch	46	1970-04-18	1983-06-04
990	The Valiant Brothers	45	1973-11-17	1978-12-02
1441	Ox Baker	40	1974-07-20	1983-02-12
20842	Ricky Cortez	40	1971-09-18	1974-01-26
3246	Jim Dillinger	39	1969-09-20	1972-02-22
15613	Ivan Volkoff	39	1965-01-22	1978-02-04
10690	Gilbert Guerrero	38	1972-01-08	1985-01-19
15	The Blackjacks	37	1971-10-14	1973-01-21
18430	The Bounty Hunter #2	36	1972-03-18	1987-08-08
1522	The Assassins	35	1965-07-17	1966-08-28
3128	Bobby Managoff	35	1964-03-26	1966-08-28
687	Ivan Koloff	32	1973-12-08	1977-12-26
5894	Roger Kirby	32	1964-03-26	1980-11-15
1423	Dr. Moto	31	1967-07-22	1969-01-24
3274	Don Kent	31	1969-11-08	1986-06-22
9306	Jerry Graham Jr.	31	1977-06-18	1986-06-22
4235	Cora Combs	30	1964-07-17	1975-12-13
11856	Dennis Dolly	28	1964-03-26	1967-12-27
6556	Bounty Hunter I	27	1976-05-01	1977-03-05
953	Al Costello	26	1969-11-08	1977-04-30
1521	The Chain Gang	26	1969-10-18	1970-06-26
1993	Chris Markoff	26	1966-08-06	1968-12-27
2349	Igor Volkoff	26	1975-04-19	1979-04-28
15935	Frank Dillinger	26	1968-10-12	1969-08-29
29439	Clem Turner	26	1972-05-23	1975-01-25
471	Gene Kiniski	25	1965-04-30	1967-12-08
943	The Sheik	25	1969-12-26	1978-08-12
6557	Bounty Hunter II	24	1976-05-01	1977-03-05
1945	Pat O'Connor	23	1964-05-15	1980-07-19
3327	The Beast	23	1972-09-16	1974-01-26
12629	Cowboy Parker	23	1973-08-04	1974-05-05
15958	Mr. Kleen	23	1969-03-15	1970-05-26
20750	Max Blue	23	1974-11-16	1985-11-09
351	The Fabulous Kangaroos	22	1969-11-08	1974-03-23
786	Bruiser Brody	22	1979-04-01	1980-11-01
1564	Johnny Valentine	22	1964-05-15	1967-10-13
6763	Stan Kowalski	22	1968-03-22	1974-05-10
8467	Jim Alexi	22	1971-07-31	1977-05-28
18113	Tom Demarco	22	1971-11-26	1979-10-07
225	The Chain Gang	21	1968-10-12	1969-08-29
14353	The Great Saki	20	1973-07-21	1974-03-01
1490	The Bounty Hunters	19	1976-05-01	1977-03-05
16760	Princess Jasmine	19	1972-03-18	1983-06-25
18120	The Mongol	19	1964-04-25	1967-04-08
19775	Mike Snyder	19	1974-01-25	1977-12-26
5870	JR Hogg	18	1982-01-16	1985-01-19
7998	Great Wojo	18	1981-04-25	1986-06-22
8100	Bobby Colt	18	1982-12-30	1985-11-09
27444	Jim Kent	18	1976-05-01	1977-03-05
326	Sgt. Jacques Goulet	17	1974-07-20	1975-12-26
5978	The Graduates	17	1972-02-26	1972-09-16
7369	Joe Brunetti	17	1964-04-25	1966-04-23
15670	Bob Sabre	17	1964-09-04	1978-02-04
16099	Mary Jane Mull	17	1966-02-08	1973-09-22
243	Bruno Sammartino	16	1973-04-14	1978-02-04
4320	Dan Miller	16	1964-04-25	1972-02-05
10574	Jim Grabmire	16	1964-07-03	1980-09-06
20644	Duke George	16	1975-01-25	1978-01-13
381	Higo Hamaguchi	15	1972-10-06	1973-05-12
3051	Boris Volkoff	15	1964-12-25	1969-07-25
2276	Jim Lancaster	14	1975-02-14	1985-11-09
5939	Tiny Hampton	14	1964-09-26	1983-09-17
7627	Bull Bullinski	14	1973-05-12	1973-12-27
22750	Tony Romano	14	1974-01-05	1974-09-21
30611	Billy Jack Mann	14	1968-08-24	1972-04-08
1523	The Devil's Duo	13	1966-10-08	1967-07-15
2208	The Destroyer	13	1966-06-11	1968-03-01
6788	Dutch Savage	13	1977-05-26	1981-05-05
1418	Dominic DeNucci	12	1976-06-12	1978-08-12
310	Big John Studd	11	1975-06-11	1981-09-19
3135	Mighty Igor	11	1970-11-07	1974-11-29
3324	John Ruffin	11	1975-09-20	1984-02-18
4268	Kim Duk	11	1974-03-01	1975-01-25
20692	Leroy Redbone	11	1983-02-12	1984-02-18
3241	Sam Menacker	10	1973-08-18	1976-12-27
12594	Black Bart	10	1965-01-23	1968-04-07
17856	Mike Kelly	10	1981-06-13	1982-01-16
18037	Rodeo Jones	10	1970-04-04	1977-08-27
513	The Kelly Twins	9	1981-06-13	1982-01-16
1325	Edouard Carpentier	9	1968-11-28	1969-10-18
3140	Pat Kelly	9	1981-06-13	1982-01-16
8976	The Patriot	9	1981-09-19	1985-11-09
11006	Joe Blanchard	9	1964-05-29	1974-11-29
15092	Tanya West	9	1973-09-22	1974-05-05
1280	Lord Littlebrook	8	1965-01-22	1968-11-02
1520	The Legionnaires	8	1974-09-21	1975-04-15
5308	Steve Stanlee	8	1966-02-19	1967-06-10
5574	The Volkoff Brothers	8	1964-12-25	1969-04-15
6918	Hans Schmidt	8	1964-11-07	1971-08-21
7039	Annihilation Inc.	8	1973-08-04	1974-02-07
7345	Ivan Kalmikoff	8	1970-12-26	1971-05-14
20850	Rocky Montero	8	1965-01-22	1974-04-19
926	Andre The Giant	7	1971-12-27	1976-06-12
930	Lou Thesz	7	1965-07-17	1975-06-11
1303	Bill Watts	7	1968-03-22	1969-01-04
1519	The Legionnaires	7	1975-04-19	1975-12-26
3242	Killer Karl Krupp	7	1976-02-21	1976-07-31
6311	Reggie Parks	7	1967-03-18	1967-12-08
15100	Juan Zapata	7	1975-09-20	1985-01-19
15220	Victor The Wrestling Bear	7	1972-12-29	1984-02-18
15404	Donna Lemke	7	1971-11-06	1972-04-08
30803	Rooster Griffin	7	1983-06-25	1984-01-07
686	Fritz von Erich	6	1966-01-15	1966-04-23
1263	Nick Bockwinkel	6	1976-05-01	1980-09-06
2073	Tom Jones	6	1965-06-25	1966-10-08
4389	Killer Verdu	6	1977-12-26	1978-03-23
4989	The Professional	6	1967-06-24	1972-03-09
6805	Frank Hickey	6	1965-10-21	1971-10-14
23953	Sharon Lass	6	1966-05-27	1968-02-17
31157	Wee Willie Wilson	6	1969-04-12	1980-08-22
1269	Johnny King	5	1964-03-26	1964-11-07
1287	Bobby Graham	5	1964-05-29	1966-11-24
1712	The Volkoff Brothers	5	1965-01-22	1968-05-04
1812	The Mongolian Stomper	5	1972-12-26	1973-01-11
1950	Mad Dog Vachon	5	1966-01-15	1971-11-26
1982	The Cuban Assassin	5	1979-06-09	1979-08-04
1998	Les Thatcher	5	1964-07-03	1966-08-06
2600	The Miller Brothers	5	1964-04-25	1972-02-05
2776	Frank Hill	5	1976-10-23	1977-04-30
4601	Sara Lee	5	1970-08-22	1971-11-06
6773	Bobby Harmon	5	1968-03-01	1983-09-17
9845	Frenchy Lamont	5	1964-05-29	1973-07-21
27003	Lucille Dupree	5	1966-02-08	1980-05-31
33086	Vito Martino	5	1976-10-23	1977-04-30
33625	Rita Crawford	5	1965-10-02	1966-10-08
104	Johnny Fargo	4	1971-02-21	1971-05-25
524	Jose Gonzales	4	1968-10-12	1978-03-04
2575	Cowboy Lang	4	1968-07-26	1969-04-12
3113	Billy Goelz	4	1964-04-25	1973-02-24
4211	Sonny Rogers	4	1983-02-12	1985-11-09
5401	Billy The Kid	4	1964-06-19	1973-05-12
6073	Lorenzo Parente	4	1964-04-25	1964-09-04
6772	The Wolfman	4	1972-09-16	1972-12-29
7027	Yugo Babich	4	1975-03-01	1975-04-19
7957	Chris Carter	4	1984-02-18	1986-06-22
8622	Little Brutus	4	1964-08-15	1969-04-12
8938	Madame X	4	1965-03-12	1977-08-06
9320	Johnny Powers	4	1967-11-04	1968-02-17
9423	Rachel Dubois	4	1973-02-17	1973-04-14
11438	Ray Gordon	4	1964-04-25	1965-12-25
15142	Sandy Partlow	4	1976-06-12	1980-09-06
29404	Chico Garcia	4	1971-03-27	1973-12-08
33489	Venus LaRue	4	1971-11-29	1971-12-29
283	Dutch Mantell	3	1982-11-25	1982-11-27
341	Harley Race	3	1982-04-24	1982-06-05
390	Kurt von Brauner	3	1964-11-07	1965-04-30
522	Crusher Broomfield	3	1982-11-25	1982-11-27
863	Jacques Rougeau	3	1982-11-25	1982-11-27
929	Pedro Morales	3	1977-07-25	1977-07-27
1058	Terry Taylor	3	1982-11-25	1982-11-27
1355	Eddie Creatchman	3	1974-09-21	1976-12-27
1518	The New York Dolls	3	1982-11-25	1982-11-27
1563	Rufus R. Jones	3	1982-04-24	1982-06-05
2831	The Von Brauners	3	1964-11-07	1965-04-30
2944	The Dream Machine	3	1982-11-25	1982-11-27
3245	George Cannon	3	1971-02-21	1971-06-18
3323	Rick McGraw	3	1982-11-25	1982-11-27
4026	Debbie Combs	3	1975-12-13	1981-10-11
4600	Corsica Joe	3	1966-03-18	1970-08-22
4833	Johnny Starr	3	1974-11-16	1975-01-25
6194	Bob Stanlee	3	1964-08-15	1964-09-26
6269	The Angel	3	1982-11-25	1982-11-27
6658	Lou Klein	3	1976-12-27	1977-02-12
7300	Karl von Brauner	3	1964-11-07	1965-04-30
7303	Jeff Van Camp	3	1984-01-07	1984-02-18
7785	Vic Rosettani	3	1972-08-05	1972-08-26
8055	Joe Cagle	3	1982-01-16	1982-04-24
8936	Fuzzy Cupid	3	1965-12-25	1969-04-12
13742	Mike Loren	3	1969-10-18	1970-02-07
14590	Bobo Johnson	3	1972-08-13	1974-11-29
15057	Little Bruiser	3	1968-10-30	1972-09-16
15316	Leo Newman	3	1964-05-09	1964-07-31
15356	Linda Klein	3	1970-03-19	1971-01-16
15638	Little John	3	1974-04-19	1986-06-22
15786	Johnny Carr	3	1964-05-15	1970-04-18
16709	Len Rossi	3	1966-11-05	1967-02-17
21803	Joe Furr	3	1971-12-27	1972-01-13
567	Kimala	2	1982-11-25	1982-11-26
1286	Killer Brooks	2	1974-05-04	1974-08-10
1550	Butcher Vachon	2	1971-11-26	1971-12-27
1903	The Fargo Brothers	2	1971-04-17	1971-05-25
2948	Jack Wilson	2	1964-05-15	1964-05-23
3366	Chris Taylor	2	1974-09-21	1977-06-03
3609	Calypso Jim	2	1985-01-19	1986-06-22
3740	Super Maxx	2	1985-01-19	1985-11-09
4053	Brian Costello	2	1985-01-19	1985-11-09
5395	Dick Young	2	1981-06-13	1981-10-11
5880	Jake Milliman	2	1983-09-17	1983-11-19
6178	Walter Johnson	2	1978-12-02	1978-12-02
7296	John Paul Henning	2	1967-07-15	1967-08-19
7316	The Scufflin' Hillbillies	2	1964-12-25	1966-01-29
7786	Pampero Firpo	2	1969-03-15	1969-06-20
8313	Tokyo Joe	2	1969-06-07	1969-06-20
8445	Toni Rose	2	1966-08-20	1966-12-28
9273	The Hogg Brothers	2	1982-01-16	1982-01-16
11015	Pancho Lopez	2	1964-06-19	1966-01-13
11264	Irish Jackie	2	1964-08-15	1965-08-10
11393	Johnny Long	2	1965-11-06	1965-12-11
12666	Ed George	2	1978-02-02	1978-03-23
12733	Ann Casey	2	1974-10-12	1974-10-30
15401	Darling Dagmar	2	1965-07-17	1966-12-28
15439	Diamond Lil	2	1965-07-17	1966-12-28
15700	Haru Sasaki	2	1966-11-24	1966-12-10
15783	Jean Antone	2	1965-04-30	1980-09-06
16233	Joe Millich	2	1964-06-16	1971-03-06
16893	Mark Starr	2	1969-11-06	1969-11-08
17507	Peggy Patterson	2	1972-07-15	1972-07-16
19345	Chuck Conley	2	1964-12-25	1966-01-29
20844	Rip Collins	2	1964-12-25	1966-01-29
25452	Little Boy Blue	2	1964-05-29	1965-08-21
148	Carlos Belafonte	1	1973-07-21	1973-07-21
179	Al Snow	1	1985-11-09	1985-11-09
454	Bob Orton Jr.	1	1983-02-12	1983-02-12
810	Fred Blassie	1	1964-05-29	1964-05-29
1133	Verne Gagne	1	1968-11-14	1968-11-14
1248	Dr. Jerry Graham	1	1977-08-06	1977-08-06
1283	Sky Low Low	1	1966-01-13	1966-01-13
1284	Haiti Kid	1	1973-07-21	1973-07-21
1353	Bull Ramos	1	1970-12-26	1970-12-26
1405	Bob Geigel	1	1965-11-06	1965-11-06
1507	Ray Stevens	1	1972-07-15	1972-07-15
1513	The Vachons	1	1971-11-26	1971-11-26
1616	The Strangler	1	1987-08-08	1987-08-08
1869	Zoltan The Great	1	1982-06-05	1982-06-05
2388	Mae Young	1	1967-11-23	1967-11-23
2418	Frank Valois	1	1976-06-12	1976-06-12
2526	Candi Devine	1	1983-06-25	1983-06-25
2542	Madd Maxx	1	1985-11-09	1985-11-09
2557	King Harley Hogg	1	1985-01-19	1985-01-19
2602	Mike York	1	1969-03-15	1969-03-15
2938	The Masked Strangler	1	1976-02-21	1976-02-21
2989	The Hawk	1	1980-04-27	1980-04-27
3247	Treach Phillips	1	1967-01-21	1967-01-21
3304	Princess Little Cloud	1	1966-08-20	1966-08-20
3802	The Nurse	1	1965-02-12	1965-02-12
4763	Buck Robley	1	1976-12-27	1976-12-27
5106	Ciclon Negro	1	1964-03-26	1964-03-26
5657	The Zebra Kid	1	1968-02-03	1968-02-03
5763	Muhammad Saad	1	1986-06-22	1986-06-22
6090	Sweet Daddy Siki	1	1964-11-07	1964-11-07
6827	Mario Milano	1	1966-12-28	1966-12-28
7404	Bette Boucher	1	1966-12-28	1966-12-28
8403	Lester Welch	1	1965-04-30	1965-04-30
9075	Kit Fox	1	1964-11-07	1964-11-07
9093	Count Coronni	1	1964-05-23	1964-05-23
9239	Tomayo Soto	1	1966-03-18	1966-03-18
9552	The Jamaica Kid	1	1965-12-25	1965-12-25
9783	Farmer Pete	1	1986-06-22	1986-06-22
10735	Marie Laverne	1	1979-04-28	1979-04-28
10826	Cowboy Bradley	1	1968-02-03	1968-02-03
10850	Jessica Rogers	1	1964-08-15	1964-08-15
11180	Betty Niccoli	1	1964-08-15	1964-08-15
11953	Tom Lintz	1	1980-09-06	1980-09-06
12305	Jack Allen	1	1964-12-25	1964-12-25
12369	Armando Rodriguez	1	1964-05-23	1964-05-23
14101	Carlos Milano	1	1966-11-05	1966-11-05
15610	Firpo Zbyszko	1	1971-12-27	1971-12-27
15799	Mr. Kleen	1	1970-01-10	1970-01-10
15947	Mike Dupree	1	1982-06-05	1982-06-05
16725	Hans Hermann	1	1972-08-05	1972-08-05
16791	Kathy Branch	1	1969-08-29	1969-08-29
16961	Rita Cortez	1	1966-03-18	1966-03-18
17182	Bob Kelly	1	1976-02-21	1976-02-21
18077	Sonny Boy Cassidy	1	1965-08-10	1965-08-10
18386	Ben Justice	1	1975-06-11	1975-06-11
20490	Whipper Watson Jr.	1	1973-04-14	1973-04-14
20720	Leo Seitz	1	1977-08-06	1977-08-06
21130	Early Dawn	1	1979-04-28	1979-04-28
23451	Herb Larson	1	1968-02-03	1968-02-03
25864	Miss Bunny Love	1	1980-03-30	1980-03-30
28086	Bulldog Drummer	1	1971-01-16	1971-01-16
29210	The Black Panther	1	1984-02-18	1984-02-18
30117	Ken Hollis	1	1966-03-18	1966-03-18
